0,1,2,3,4,5,6,7,8,9,10,11,12,13,14,15,16,17,18,19,20,21,22,23,cluster
11.053000032901762,1.760083337624869,2.1275833050409942,1.8552500108877807,1.3377499878406534,1.8015833298365287,3.92358329892158,1.8316667079925544,3.429333329200744,8.699666758378347,3.4005833268165584,5.225833356380456,2.6452500025431323,6.692416747411094,3.20283337434133,4.041583259900409,1.5485833585262299,2.0596666534741708,1.7420833309491488,1.8814166585604362,1.611166675885518,3.867833336194359,1.7157499889532737,2.069499989350636,61
2.087083329757056,1.7311666707197821,2.51550002892812,3.6741666793823184,1.531916668017706,1.66649999221166,1.753916680812836,1.6694166560967771,1.4540833433469134,6.058083375295005,5.518333385388051,2.1053333282470708,3.7448333601156873,4.2671667138735465,3.1944166719913483,1.919333338737488,1.7792500158150992,1.5275833209355685,2.147333343823752,10.276916623115552,6.076416691144306,5.964999924103413,3.0897500117619865,1.6204166511694575,40
1.6130833526452386,1.7065833210945118,2.778249979019165,2.6875000298023264,1.7663333316644028,1.6740833421548231,1.5795000096162155,6.139583259820945,1.7743333578109732,2.023249963919321,4.002500017484024,2.13749994834264,1.6319166620572398,1.9111666182676936,1.6884999771912892,2.704416682322815,6.802583316961923,2.4515833457311014,6.629249950249995,12.743500014146164,6.512416760126751,2.217999974886576,1.7582500477631893,1.9499166806538903,4
1.7434166967868812,4.822416722774503,2.0420833031336483,1.6635833382606495,1.7966666718324025,1.9360833366711947,2.2829166650772086,5.785583347082149,1.4619166453679415,1.9299166699250545,1.958499997854232,8.299749990304305,10.231250127156578,10.557666500409443,7.23533348242441,5.0100833773612985,2.924833317597708,2.8810000022252407,2.8575000166893005,12.409499903519952,6.628500024477643,3.4708333412806205,6.754000008106233,3.254333297411604,4
2.0300833483537044,1.8770833313465096,1.7256666918595622,3.646583338578541,1.7053333421548211,1.6807499825954426,2.618499964475632,7.479749937852224,5.04658335447312,2.0046666661898302,1.7960833112398795,2.0780833462874093,4.590166668097179,2.075916667779287,2.7820833524068207,3.1754166881243377,3.497999946276348,3.570666670799255,5.554166634877523,10.987333297729492,8.423833469549812,7.106666604677835,2.7380833427111315,2.237250000238418,4
2.3400000135103864,2.683749993642172,2.2975833316644043,4.336333274841304,2.654666701952616,2.0177499850591003,3.221250007549921,5.215916683276494,2.3979166547457385,2.670333325862884,4.569166719913482,2.1410000324249263,2.0981666843096414,2.7556666334470115,2.7378333210945134,3.334749976793924,3.304499983787538,5.551499942938489,11.33941654364267,8.20675003528595,3.788083374500277,3.353583296140036,3.999333262443541,2.7734166582425464,4
1.6519166727860783,1.8702500363190964,3.9105833371480285,1.659416685501734,1.7139999866485602,1.8264999787012728,9.803749879201254,10.864666740099594,3.3745833834012298,2.0917500058809915,2.138749996821085,1.9633333484331763,1.6731666723887126,2.0470833182334904,1.7068333327770242,5.8577499985694885,3.111750046412149,2.67983333269755,2.5239166617393494,3.2668333252271022,3.2813333471616097,3.4034166733423863,3.7524999976158164,3.7065000136693342,61
6.48200005292892,3.435749987761181,2.0307499865690866,4.748333384593327,1.8881666660308831,1.895000010728836,1.5969166656335174,2.4690833489100146,6.504166642824818,7.968583385149647,5.044499973456069,1.9425000051657357,1.69808332125346,2.0464166601498914,2.404000004132588,2.100166658560436,2.0716666380564366,1.712249984343847,4.906249999999996,2.560833315054575,2.760666658480963,2.69100002447764,8.79766660928726,3.0999999841054287,40
1.5673333605130502,1.7355833550294242,2.021333366632461,1.3349999884764336,4.9970833659172085,1.7776666482289645,1.6912499964237215,1.8199166556199384,12.477749973535545,5.2696666320165,4.959833314021427,2.9834167361259465,1.4718333284060163,1.7060833275318144,1.8771666685740167,2.0074166556199384,2.064666668574016,3.9798333644866943,7.855416754881546,14.407500028610231,9.332916597525283,7.634249965349834,2.1244166493415837,2.092166662216187,4
1.5038333435853315,2.110500037670136,1.5777499874432892,1.6147500177224468,5.0035000244776375,2.0610833168029785,2.9070832928021755,3.8615000247955393,2.0866666833559666,1.579250007867813,1.909333338340124,1.8089999953905749,1.7775000035762794,1.8255000114440925,1.8568333586057024,2.9131666819254565,2.9493333001931514,4.312833309173584,2.7651666601498914,4.567749996980033,2.7233333190282183,2.7499167124430346,2.80991667509079,2.2195000251134216,61
1.7306666970253002,4.595416655143102,1.8212500015894573,2.04491662979126,2.094000021616617,1.6112500031789143,10.8700000246366,8.027000069618223,5.001250028610231,3.329249978065491,1.8010000089804334,1.7462500035762794,1.7967499792575847,1.9997499982515967,1.9112500250339508,8.12849999467532,2.6053636724298634,4.970416655143096,2.0469166636466967,2.32483337322871,2.7720833222071324,2.7778333624203992,2.7696666518847146,11.071083267529808,61
3.582916696866352,2.090249995390573,2.0888333121935525,1.2570833265781387,1.8605454401536416,1.816749999920528,6.599583288033802,2.1360000173250824,4.107750038305927,3.9989167054494255,1.4029999872048693,1.7307500243186935,1.9833333293596904,1.9741666515668228,1.9390833377838128,3.891083389520641,2.109583338101705,2.218333323796589,2.8287499745686855,9.896249969800307,4.273749987284339,5.672583401203152,2.2320833404858904,2.2116666436195382,61
2.0308333337306967,1.5909166634082792,4.06349996725718,1.7360000411669407,1.7978333334128056,2.002249985933305,6.2565000255902525,3.8723333875338177,4.166166623433432,1.7604166865348825,1.780666669209798,1.86366668343544,1.7066666682561236,1.9490833183129623,2.0071666538715363,2.004083345333734,2.0507499972979235,2.140833338101705,5.735666592915852,2.6173333724339805,2.57758331298828,2.043749968210855,2.5196666518847155,2.01999999086062,61
1.819166660308838,4.877333333094914,1.873916645844777,2.122749984264375,1.6543333232402802,1.4936666886011762,7.813166677951809,11.17341655492782,7.606000065803528,4.959583322207132,2.0526666641235365,1.689333329598111,1.682583332061767,1.9975833197434745,2.0268333454926832,2.0405000249544782,1.6133333444595344,2.0703333218892412,4.915750046571096,1.6189999878406525,1.7046666642030075,4.537666777769719,4.937416672706599,5.1619166930516505,61
1.8045833309491464,1.8037500083446487,1.7511666913827275,1.8074166675408687,2.042916645606358,2.1710000038146977,5.5484166840712215,2.066499988238017,2.465833326180777,4.018416702747348,1.6058333416779855,2.0907499988873792,3.971416612466174,2.061666687329611,1.7260833382606509,2.3028333385785418,2.9158333043257407,8.630833367506668,9.5821666320165,2.7631666660308842,3.1561666528383903,3.4064166545867924,3.057666659355163,2.947333316008251,61
3.026333332061768,6.038666645685829,6.508666654427851,6.127416610717771,1.6179166734218586,1.6902499993642166,1.3106666902701067,3.909500002861023,1.5511666735013339,2.6517499983310686,4.9562499721845015,2.067333320776621,1.6675000190734866,2.0313333471616115,2.0547499656677246,2.027083317438761,4.134833276271817,2.4714166720708204,8.401583294073752,5.974916676680246,2.717000007629394,10.548249900341023,4.251916686693824,1.8055833280086508,61
2.0710833271344504,1.6354999939600636,3.815333366394038,2.1044166485468563,1.5032500028610232,2.2110833326975508,6.668250093857442,4.667833318312961,1.8987500071525585,1.691250006357829,1.5251666605472567,1.8274166782697048,1.5319999953111008,1.9860833585262307,1.6976666847864803,2.068916698296866,1.6947499910990391,3.944249987602235,1.6214166482289645,1.8277500073115045,2.484249979257583,2.271916657686235,2.659833312034608,1.911333352327345,61
4.92575000723203,1.9083333114782968,1.7098333537578585,1.621333330869675,1.7645833293596906,1.890166650215785,4.843583434820179,11.304666608572015,6.306833386421204,3.5258333186308586,1.997000008821488,1.6647499799728394,1.638833324114482,2.003333350022633,1.698916653792064,1.9105000197887425,1.854250023762385,3.9357500076294,2.02374999721845,5.745833297570549,10.154583394527444,7.251166621843975,1.7752499878406525,1.7279166777928674,4
1.6239166756471006,1.844249993562699,1.9544166227181752,5.674000044663745,1.7221666574478158,1.7501666645209,2.4532500406106306,1.9832500318686177,3.452416668335601,1.6896666785081216,1.855666637420655,1.9475833177566528,2.053916652997335,1.7132500012715648,2.056833346684773,3.562583297491072,2.0623333652814217,1.595833321412404,2.2229166229565944,2.0150000055631003,2.2137499948342647,2.2399166623751334,5.845416684945427,2.0175833304723105,61
4.037666708230971,1.886166681845984,1.6544166604677828,1.7082500060399377,1.619500011205674,1.830500016609828,9.269166678190233,8.313416659831999,1.4527499775091808,6.3939166466395125,2.049416681130728,2.5690000255902583,3.0112500389417027,2.799750010172527,2.869333336750669,2.6165833473205566,5.030250092347461,10.893750031789146,2.495083332061768,2.455666661262513,2.444916685422261,2.4597499966621412,5.537833372751878,2.1519166628519697,61
2.102999965349833,2.095999956130981,2.0943333307902017,3.705666631460188,2.1117500066757207,1.9960000216960918,3.3053333560625724,13.720499912897758,4.95508329073588,2.073916673660278,1.3828333417574568,1.7277499934037541,2.8956666986147583,2.8857500056425702,2.91983332236608,2.37983332077662,1.8859999974568682,2.0343333383401228,3.6627499858538286,3.3049999872843423,3.5987499554951987,3.8325833280881256,5.7064166466395045,2.7810833454132085,61
2.198166668415071,2.1069999933242802,2.094750006993611,2.0897500316301967,5.013666689395898,1.9728333254655208,1.3449999888737985,2.0623333056767783,1.6757500171661377,7.566083252429965,12.69166670242947,1.889583329359689,1.6878333191076915,1.7520000139872245,1.8463333348433169,1.6988333264986661,3.918166667222975,2.071333328882853,1.908416638771692,1.7887500027815508,2.01866666475932,2.6525000135103864,4.868499974409741,1.9105833768844611,40
4.9164999326070165,1.7900000015894568,1.6260000169277191,1.7091666658719402,1.6254999935626984,1.7129166523615518,1.6680000027020772,8.881333351135249,12.471000055472052,3.2377500037352243,3.9680833717187234,8.159666518370303,4.8664167126019775,5.811666587988534,9.449416617552439,2.631166656812029,4.756583352883663,2.6847500205039982,5.0550832947095286,3.345083316167195,13.477416714032495,2.814333319664001,1.726583331823348,1.3769166866938276,4
4.455000042915338,2.052333295345307,1.6614166796207426,1.7440000077088669,1.7325833241144792,1.4700833459695166,5.652916669845585,2.087750007708867,8.574833432833351,5.9389166831970215,1.8756666878859207,4.015083312988286,2.3833333452542624,3.1184167067209847,3.1081666549046814,3.3972499966621386,3.2819166779518114,1.6972499986489618,1.857083320617676,2.3101666569709782,1.7346666554609935,3.7062499523162864,3.414083341757456,2.0087500015894566,61
1.9720000127951296,1.815833340088528,1.6732499798138936,1.3661666512489334,3.5100834170977264,1.8609166542689008,6.0789166092872575,12.852416515350347,11.1651665965716,2.030333340167999,2.5074166754881544,2.1874999701976776,6.845166563987728,2.0620000163714094,2.042333324750265,8.388749957084647,1.9732499818007152,6.346500058968867,8.447249988714862,4.013583282629649,5.966666658719388,3.099416673183441,1.9467499653498328,3.69608331720034,4
1.7734166582425424,1.49866666396459,1.8598333696524296,1.7138333121935536,1.6252499918142949,6.523666739463812,8.227250029643372,9.73491668701172,9.085166633129123,4.214083333810176,2.9374166627724962,7.224666674931843,4.288833300272623,1.7905833323796605,6.016416569550827,2.9075000087420144,3.1477499802907296,6.979666580756503,5.7835832834243845,5.131416618824008,14.514833331108086,3.779166658719381,3.5092500050862623,9.563166697820026,4
1.5567500193913777,1.4123333394527442,1.573416680097581,2.076000034809112,4.5967500309149445,1.7613333364327748,2.3990832865238176,2.5683333774407684,3.257250010967253,12.89433324337005,7.236083467801418,6.726999978224432,6.329500029484429,8.832666734854381,5.316999991734823,6.759250024954473,2.04958333571752,2.0457499821980805,2.417583306630453,2.4021666844685874,4.013666679461799,5.086166659990946,11.843083361784615,2.1857500274976087,40
1.846999992926916,1.4142499963442483,4.473750034968068,1.8690833548704773,1.9801666935284927,1.7598333160082489,2.145333369572957,5.716833313306173,1.7849166790644333,1.3890833357969916,2.0164166589578003,2.079454508694736,2.062833329041798,4.468000034491222,2.8685000141461683,2.763666649659474,2.0493333141009016,2.344166626532872,7.471666624148677,2.591749986012777,2.0753333568573002,2.0531666477521253,4.611916641394294,2.513749996821085,61
1.9273333152135208,1.85141666730245,3.610666692256924,2.073749999205272,1.6280000011126192,1.6062499880790702,2.046249985694885,7.242500046888981,9.818916598955788,1.8084999918937688,1.611333320538204,1.8578333457311,2.0639166633288064,2.095999975999197,3.9780833721160938,2.069916665554045,2.0443333188692727,1.9533333579699192,1.5340833465258277,2.051416675249736,1.8336666524410248,2.761333386103312,4.505166689554855,1.5060833493868515,61
1.9476666748523723,1.9924166798591605,1.7767500082651766,1.6136666337649015,4.818250040213266,1.8199166556199384,1.847749998172123,2.314916660388309,5.369666655858362,3.252416670322418,2.5821818221699115,4.44125001629193,2.712333301703136,2.6735833684603376,3.5729999939600634,2.6817499597867336,2.1280833582083383,2.732333302497864,2.264166653156281,2.550166636705398,2.293499996264774,13.906416594982142,1.725333333015442,1.8133333226044968,64
1.7745833396911614,1.9408333102862056,4.660499950249983,1.6379999717076608,1.7130833466847732,1.707833319902421,1.8983333408832541,4.751500060160959,1.6370000143845875,2.29449999332428,1.6469166576862342,5.5720832844575225,3.676416744788487,1.8452499906222024,4.234416613976164,2.082333366076151,1.6074166695276892,1.94858334461848,4.883916735649112,17.327166636784874,11.115916609764106,1.92525002360344,1.9562499920527128,1.6822499930858614,4
3.848333348830538,2.597416639328006,1.6897500157356264,2.103499998648961,1.324166665474575,1.469249963760375,2.462249934673309,6.930916647116352,12.533416608969365,5.227750033140171,1.3947499891122177,6.738083392381668,11.827666620413465,13.657999992370597,9.561583399772644,8.608666737874342,3.0624999801317845,4.623166700204214,2.49233333269755,7.022750020027168,11.493416627248118,9.713666697343188,3.2322499752044664,1.5650833249092109,4
1.7246666649977358,1.721333324909209,3.893166631460185,1.7268333137035372,1.5610833565394098,1.5498333275318148,1.3169166445732134,5.9285833736260685,2.5770833194255824,3.523250003655752,5.629833181699119,2.8252499898274723,2.6941666503747315,5.518083274364464,2.51083332300186,2.1364166935284934,2.0627500017484026,4.221749981244408,12.826666613419848,3.082166651884716,2.583749989668529,2.773583312829336,9.796833217144018,1.7695833146572115,62
1.63466669122378,1.9913333356380465,3.0509999791781124,3.4939999580383247,1.8588333229223883,1.3359166880448654,2.0406666994094858,6.621999988953272,1.7335000038146966,2.0795832872390734,3.5689166585604357,5.543250004450472,3.1244167089462302,1.7886666456858322,1.9555833637714384,2.0055833558241525,1.5593333144982648,5.598999927441274,2.7653333346049,12.575499991575875,7.358583370844528,2.779583315054573,2.078916678826014,2.1955833335717534,4
2.8639999926090263,2.6861666242281577,1.5945833126703892,1.6759999791781115,2.2414999802907305,1.7105833391348524,5.546249955892558,1.7951666712760916,3.3661666512489306,7.140083352724706,4.919666628042854,2.8008333742618574,5.429250021775566,2.438833336035412,2.651499966780344,2.180833280086517,4.627166708310446,2.0169166624546047,2.401749968528747,7.488166590531668,7.903500119845082,4.344166696071627,10.212749958038339,9.517833332220713,62
3.670666654904684,2.6932499408721924,3.6945000092188502,1.854583342870076,1.7019166946411126,1.4749999741713202,1.7010833223660784,5.653000056743619,1.8630833327770235,2.574416697025297,4.2946666181087485,2.0636666615804042,1.3335000177224474,1.8193333546320591,2.101583321889241,5.190249959627791,2.0877500176429757,2.0650833447774253,1.6768333415190402,1.5577500164508826,2.0489166577657074,1.4871666630109148,5.524749984343842,4.138999998569484,61
2.4811666806538892,1.6296666661898291,1.6273333330949136,1.8614166676998125,1.3275000154972076,4.278999984264375,1.77716667453448,1.7560000320275633,3.113500048716864,9.058000077803934,13.843833287556969,4.014833291371659,1.5251666704813642,2.097916662693024,2.070545434951782,3.8578333854675333,2.6684166987737026,3.1914167205492654,2.0719166795412702,4.861833284298577,3.0611666838328064,2.44550003608068,1.7036666671435043,2.353333353996278,40
6.693416754404698,1.94158332546552,1.6391666730244951,1.4907499949137355,1.3933333257834108,1.4817499915758785,1.4744166433811203,2.1062499880790715,7.336999992529559,14.418333371480315,2.270666658878326,1.523500005404155,2.0754999717076617,1.6865833302338915,2.055666665236154,1.9687500000000009,3.4014999667803445,9.880083421866097,2.59966669480006,4.95683332284292,3.450916687647501,2.9502500096956896,3.148416678110758,7.046750028928129,40
1.8983333110809333,1.5684166351954152,1.7766666611035664,1.7909999887148518,1.7890833616256705,1.6845833361148832,3.393499970436092,12.327750027179713,10.558000127474475,1.6705000201861058,1.3078333238760642,2.9313332835833235,6.93324989080429,2.055000017086666,1.7227499783039082,3.6398333311080937,1.9093333184719101,1.8998333513736727,2.072333355744679,4.8457500338554365,2.7479166785875955,2.6874166727066044,2.627749959627787,2.6953333218892417,4
6.113166689872746,1.6674166520436613,1.6574999988079082,1.5086666544278466,1.4430000185966485,1.3594166835149133,4.316000044345857,13.594999949137375,7.744916657606755,1.6095833480358124,1.62366666396459,2.088833292325336,2.00191667675972,1.628166685501734,4.519833336273824,1.6700833241144832,3.943249970674515,6.2469999392827305,4.926666607459383,3.680000007152558,5.621416628360749,3.5662500063578286,3.4695000251134243,3.9039166669050767,61
1.6874166826407118,1.6546666820844018,1.7167499959468842,1.726083318392437,3.830833365519846,1.3769166668256132,1.667333344618479,3.6507500310738847,3.347416718800865,12.218749990065902,8.286916792392724,1.8471666475137078,1.5513333181540163,1.8591666618982947,1.6309166948000575,3.696583390235906,2.0936666727066044,2.130999992291132,2.740083316961924,7.237666745980579,3.284250020980833,5.225999991099041,3.159166673819225,2.734666665395101,40
2.752499957879382,2.612666636705396,1.8732500076293928,1.72616669535637,1.644499967495601,1.6433333257834122,4.561249931653332,1.7889166474342344,2.1886667013168326,2.1750833193461103,2.086416661739349,3.9677499731381696,2.2413333455721545,2.75116668144862,2.775000015894573,2.7475833296775822,2.7129166920979824,2.686416665712993,9.257833341757443,8.499749998251595,4.329749981562293,4.214750011761981,3.2138333519299835,3.0904166499773664,4
5.844916611909858,2.0857500235239663,1.6429166595141098,2.0947499871253976,1.6437500019868223,1.622500002384186,1.7749166786670691,3.7986667156219553,5.391166696945825,9.502583404382065,8.102333257595692,3.8446666797002162,5.788166691859567,2.4572499791781106,1.641333321730296,1.931833336750666,1.800083339214324,1.6455833216508218,3.0588333408037798,1.7201666335264845,6.287749995787937,8.709083219369246,10.560833334922792,2.806500017642976,64
10.277999977270762,2.791166722774505,1.7139999866485611,1.706166684627532,2.6835833390553803,2.638166666030884,1.61991669734319,2.245166639486948,2.3604999681313843,2.5109166304270416,5.383416632811223,3.704416632652285,1.4450833300749475,1.7613333463668817,1.9999999602635696,1.720999985933305,2.642749994993213,12.858583301305766,2.5175833106040955,2.3870833516120924,2.775999963283539,4.410583307345708,4.040166676044467,1.7875000039736424,61
1.6425833205382026,1.7143332958221429,1.778166671593982,1.57016666730245,4.6822499930858585,1.7840000092983248,1.6949999928474433,1.7841666539510082,5.256166607141496,13.866250117619831,5.127249995867414,2.7650833527247123,8.30775004625321,6.476499875386553,6.695833424727117,6.458249966303509,13.130750060081489,14.397916813691454,7.5290000041325955,2.8009999990463244,2.89975001414617,6.762750019629794,2.550833324591319,2.1299166878064475,40
3.8367500801881085,2.4058333237965943,1.4970833162466681,1.5006666680177068,1.4853333135445916,1.5490833322207118,1.8480000297228487,5.060750067234033,9.68441677093506,14.483833233515416,4.3629165887832615,9.673333466053004,4.908749977747593,2.042166650295257,1.8184999624888096,1.4470000167687749,2.0669999917348227,3.943333307902017,2.828833331664404,2.315000007549922,5.359666705131534,2.4990000128746037,2.401749988396961,2.23708333571752,40
2.2155833045641566,2.0680000086625423,1.6441666682561242,4.358416696389513,1.778249979019165,1.9487272934480129,1.4858333269755024,1.4741666416327168,6.395250042279563,13.629249890645358,3.023000001907348,1.7226666907469432,1.7874166568120318,1.4222500125567108,1.500916659832001,1.7336666385332744,4.977000057697297,2.0599999825159707,3.1635000507036852,2.4462500214576717,5.708083311716711,2.391249974568684,2.4598333636919647,2.3982499738534293,40
1.8903333048025768,1.7230000197887403,3.617750028769176,1.6100000043710083,1.4622499942779532,1.4757500092188522,1.4746666550636292,4.229416648546853,13.293083349863693,8.524833371241893,1.7825833360354115,2.058166682720183,1.6763333479563407,1.31583333015442,1.6997499863306684,3.9750833312670415,1.8972500363985687,1.7506666580835974,1.861916651328404,2.1084166665871944,2.2705833216508244,2.24483335018158,5.0191666781902295,1.81875002384186,40
1.7342499891916905,1.8495833277702327,4.699499994516374,1.4881666700045268,1.4097499946753185,1.4663333197434751,1.4589166641235358,9.217666606108352,11.472416639327994,1.3105833232402817,1.852750013271969,2.0627499620119734,1.621416658163071,1.8274545669555675,5.004500051339477,2.0761666695276886,1.5462500055631008,2.073249995708468,1.7336666484673826,2.87533336877823,2.3162500063578286,2.5153333346049,5.967583338419592,2.8477499683698007,61
2.4461667040983834,2.4832500219345097,1.6404999891916912,1.7154999673366538,2.675499945878984,3.6095833182334847,1.7597499986489618,1.677000015974044,7.596583336591724,5.56575006246567,1.6900833447774262,1.4126666684945424,3.4415832956632046,2.0380833049615243,2.0775833129882804,1.7033333082993825,2.0763333241144823,1.8239166438579568,1.8295833269755042,1.597416649262111,6.2802499632040725,4.5630000332991285,2.8962500095367445,4.131083349386849,61
1.3705833454926808,1.7338333427906043,1.84866667787234,3.7155833045641535,1.6983333230018625,1.6274166802565255,1.2423333426316592,1.4720000028610227,1.4582500259081517,4.086749970912937,13.211249987284331,3.153916696707405,1.5933333237965892,4.159999956687295,1.2133333484331768,2.4025833408037816,5.226833303769428,3.32808338602384,2.2055000066757207,14.120416661103564,9.107916673024492,1.773416678110759,1.93975000580152,1.7605833411216734,40
4.394333302974704,1.4133333563804635,1.7260833581288668,2.0363333523273472,1.4869999885559075,1.3049166699250552,4.3386666874090825,2.123333324988684,8.222416758537285,2.0925833384195967,1.8643333117167158,4.151999940474833,2.0989999969800315,1.6028333306312559,1.981333325306575,1.8098333179950716,2.114333351453144,1.8660000264644632,6.625666638215378,5.73824995756149,10.150750031073883,2.5929166277249647,2.5309166808923083,7.970000008742013,4
1.7951666514078777,1.751083334287007,1.6437499920527143,4.6367500027020805,1.6973333458105715,1.5993333260218303,2.2407499750455213,5.582666645447407,5.010666608810415,1.5855833391348533,1.3015833497047429,1.397416641314826,1.5501666764418294,1.453500002622606,1.7703333397706351,2.0449167092641205,3.5310833354790963,2.039750019709269,13.808916608492535,4.168166677157082,10.683333357175183,7.076000074545548,2.4070000251134225,1.6735833187898017,4
1.4369999965031932,1.5191666682561238,3.507416615883507,2.5140833457310974,1.8040833274523431,1.8352499802907296,1.9527500073115025,7.063083420197178,1.781916668017705,1.8488333324591304,1.7707499861717233,3.548583328723913,1.9402499993642168,1.7794166306654615,1.69758332769076,1.8486666381359085,1.7820833325386058,6.465666582187017,5.477666656176251,11.098250091075881,3.52824999888738,3.446999986966452,5.38300003608068,2.607166677713395,4
1.7486666838328044,3.6953333119551353,1.799250026543934,1.724416663249334,1.79258335630099,3.5510833164056064,10.09525000055631,13.74975005785624,3.6120833059151938,1.8547499974568675,1.7975833614667265,1.6324166754881548,4.9539998968442225,1.6982500056425722,1.6247500081857051,2.0768333474795018,1.642833322286605,1.72791666785876,2.428916692733764,2.710750003655752,3.9110833803812683,12.238666752974188,6.685166706641513,2.242833316326142,61
1.706916660070419,1.5255833168824515,4.457583298285802,1.8020833035310104,1.8233333428700769,1.299416651328406,2.672416687011719,6.693749974171318,1.7930833200613676,1.310916662216186,1.3716666499773658,1.6774166623751323,3.4829999407132486,1.9405000011126203,2.015333344539006,1.5425833463668832,1.4140000144640608,1.5240000188350693,2.1125833292802167,5.998499910036724,9.939416607220977,4.979666630427042,1.5566666722297666,5.044083356857299,4
1.7129999895890555,1.715666651725769,3.992416699727375,1.3630833327770226,3.0396666427453347,2.672333310047783,1.4601666629314425,3.8236666719118735,2.053999970356624,2.831083337465918,4.1051666339238535,1.5988333324591324,1.9224166472752904,1.4910833438237516,2.075250009695689,1.4639999965826669,4.888916681210191,1.7834999958674098,2.4425833622614532,1.8947499891122184,1.9205833077430725,2.4577500025431296,1.9575833181540183,4.834666599829999,61
2.178499976793923,1.856916666030884,1.853166659673056,1.3980833192666369,3.944416662057242,1.3922500014305117,1.3804166714350383,12.516083339850116,11.948666592439018,14.772833267847693,10.802666584650671,5.735416640837991,1.6838333308696756,3.5875833233197487,2.0651666522026075,2.5145000020662938,2.868583291769028,7.542083342870074,2.4156666596730543,1.9685000181198111,9.751749952634173,11.545083343982695,2.3820833365122485,1.4245000084241244,64
1.6243333617846183,4.5279999276002245,1.7212500174840295,1.6203333338101709,1.3869999945163725,1.488583326339721,2.5914166867733006,5.2224167684714,4.8461667299270665,1.8696666757265716,1.5332499841849003,1.543083359797796,1.465166678031286,2.5752500295639056,1.4891666670640311,1.5409999986489609,2.055249998966852,2.3333333432674395,3.1003333131472264,3.903666714827221,15.523250023523955,9.368583261966696,2.223416686058045,1.3525000015894566,4
1.4435833593209593,4.417749981085456,1.5080000062783556,1.5270833373069752,1.5058333277702332,1.5895833273728701,4.309750060240426,4.603583325942355,3.571416666110357,1.4838333527247114,2.0120000243186937,2.07450000445048,1.5695833563804618,1.8070833285649617,1.852166652679444,3.384999990463255,1.5042499899864197,5.978333334128063,8.636833409468343,16.558666785558064,10.071416715780892,3.107416669527692,1.6789166629314434,2.0159166653951006,4
1.9160833160082509,3.3588334123293566,2.0479999979337062,1.5545833110809335,1.7793333232402802,1.7499166528383885,1.7926666637261712,7.861666570107141,1.2882499893506367,1.3874166607856768,2.44716669122378,3.425750027100245,1.476083318392436,1.4568333526452388,1.6466666658719384,1.4656666815280923,1.4529999792575847,6.964416791995365,7.075833300749457,14.60433334112168,12.495333353678387,2.1972499887148533,1.5857499937216442,1.813666661580404,4
2.8340833485126518,3.335583349068962,1.6216666599114733,1.7737499773502359,1.7574166754881533,1.9636666675408672,4.9774167438348185,6.197166661421463,2.027666678031286,1.768333325783413,4.5804999967416125,1.7156666815280917,1.7050833404064176,2.675166646639505,1.6843333443005883,1.7182500263055156,1.9894166787465413,3.58674998084704,3.181666692097981,3.0888333121935516,3.2838333249092115,5.678833345572152,1.9488333463668823,2.0234167079130825,61
1.9315833449363708,1.7090000013510382,4.6089166601498865,1.5547499855359392,1.4019166529178626,1.9543333053588856,2.426000038782755,7.478166679541268,2.578666647275288,7.240333348512647,1.5505833129088098,1.3097500006357852,2.1430833439032244,3.9429166714350417,1.5358333190282176,1.5217499732971194,3.4284999767939244,6.588750024636582,4.6181667049725945,3.093333343664806,5.637166639169066,3.440416634082794,12.489000042279557,7.986166675885517,62
2.266083329916,2.279583324988683,4.069166660308835,1.9144166707992545,1.5196666717529297,1.5007500151793158,1.4797499775886545,4.891166647275293,2.1937500139077506,5.847000062465672,2.907083282868065,1.6334999899069471,1.56383333603541,1.6420000195503228,1.94875000913938,1.8087500234444944,1.6304166515668228,6.102166682481762,1.9349999924500785,2.33541668454806,2.422250042359033,2.3817499975363408,2.2623333434263846,2.2425833046436305,61
2.083166678746541,5.634916712840396,1.7191666762034086,1.7942499816417687,1.7208333512147265,1.63399996360143,1.6371666590372715,1.5750833153724664,9.247833311557775,7.603750010331478,6.4743333458900425,1.598999996980032,4.588250011205681,1.7454166909058884,1.4025833408037829,1.492250005404154,2.3600833515326185,2.8254166344801583,2.787416656812031,2.8135832945505777,5.871000051498412,12.404166678587586,6.049250086148577,4.888166705767309,64
5.698750058809918,1.6408333281675975,1.7182499965031932,3.2316666841507007,1.4251666565736147,1.4892500241597502,1.566416680812834,8.928166647752127,2.7752499977747584,3.0412499904632555,4.896166682243352,2.5740833381811776,2.024333328008652,2.4533333182334904,2.1635833183924342,2.0218333204587298,2.279916644096374,5.4155000249544765,2.43833331267039,3.40633334716161,5.61400002241135,2.6276666522026058,2.3672499954700483,4.503666738669075,61
1.436250001192093,1.3495000004768374,1.5172500113646201,1.5302500029404968,2.053000003099444,2.6910833319028225,3.64775000015894,2.4796666999657937,14.506666898727431,7.508333384990685,2.176583349704743,2.940666695435841,2.8415833810965228,3.01308336853981,2.449499984582267,2.3719999988873792,4.293363603678617,5.197250048319495,3.3830000162124665,2.5335000157356258,2.6129999756813054,2.4328333536783844,2.511999984582265,3.336333294709525,64
1.6853333314259855,1.6204166313012442,2.2260000209013606,3.3664166629314463,1.4719166556994117,1.6104166805744171,2.434083362420401,10.87099995215734,12.18308331569035,1.4625833133856467,1.7289166748523719,1.5325000286102302,2.2212500174840293,3.7918333411216736,1.2815833389759066,1.6838333408037816,1.8078333040078485,1.8305833339691169,8.08749998609224,9.111500104268401,13.082999984423303,9.06191668907802,1.6015000045299532,1.597000012795131,4
1.6148333350817368,4.591083367665607,1.6329999963442472,1.7055833041667938,1.6163333555062611,1.5695833166440325,6.155583272377652,7.043083260456723,1.6675000588099154,2.563083291053775,2.6560833851496373,1.5950833459695186,1.6124166846275332,1.6706666549046851,1.7692500154177342,1.5883333285649626,5.373916695515317,1.7226666609446202,2.032749990622204,3.874583343664809,4.1937500039736415,3.2190000216166177,3.2179166674613966,3.5326666037241643,61
6.8124999801317845,2.2782499690850577,2.498750021060306,2.218833337227504,4.135500053564705,3.16925005118052,1.9572499791781115,1.9473333358764653,4.4257500569025625,13.604416688283276,2.8503333826859802,2.574750036001205,15.852916767199831,9.063916822274534,2.5124166607856755,9.050499975681307,9.100083410739897,15.689166704813655,3.5474999944369,3.4156667192777013,5.505666633447006,3.896666665871937,3.107416699330011,4.052249997854236,62
2.003249992926916,1.9345833460489912,1.9348333179950712,1.908833334843317,4.821999917427704,2.8324999908606228,1.8492500285307567,1.86333335439364,9.070166667302457,14.427166700363152,5.689750005801518,5.556166688601177,6.9164168039957685,3.7265833616256727,7.575416644414272,6.0641667048136405,13.195500016212456,17.850083470344558,16.057166854540508,11.434916635354366,11.459833343823753,9.324333359797798,2.036749998728434,1.9988333284854864,4
2.1069167057673117,2.029833366473517,4.064166684945431,2.088250001271565,1.8764166633288075,1.9083333412806185,2.1078333258628854,9.328333308299396,2.6467499732971187,2.3824166655540484,4.243583331505453,1.5962499976158144,2.4758333365122467,2.471499989430108,3.055749992529552,3.1008333961168937,2.7144166628519693,14.44908338785171,11.145666698614754,13.788666685422266,13.457083304723113,2.3219999869664503,6.240083277225485,5.8024166623751405,4
2.0470000008742004,2.4139167070388776,1.6598333219687114,4.333500047524766,2.1479166746139526,1.9571666916211423,2.4634999930858608,6.715083311001465,2.194416691859564,2.0060833195845285,2.2288333177566537,2.240166674057644,3.7400832772254913,2.5649166703224178,2.4863636710427013,4.017833312352498,5.7759999831517534,6.9610833326975525,6.824250062306723,4.595999936262767,4.4322499831517534,7.380416750907892,3.56391668319702,2.66708332300186,61
2.07183333237966,2.437583337227504,5.051666657129921,2.716333339611687,1.7003333369890852,1.6571666697661067,3.0976666112740805,4.171666711568829,2.715583344300589,1.83591666817665,5.609333366155629,1.7958333094914776,1.7938333551088956,8.411416769027712,2.7493333617846187,1.8219999969005591,3.61924993991852,9.95366676648458,8.917999962965641,14.197999954223633,14.266416629155465,2.8480833768844604,1.8640833497047409,3.856750021378199,4
