x,y,cluster,_id
0.8561896836482981,0.6479298852262039,4,1000
0.8496989754977095,0.7580137772050868,4,1001
0.8435320066743374,0.7134417459100622,4,1002
0.8686701000726025,0.7777640041973174,4,1003
0.9018379902262567,0.7553496767739375,4,1004
0.8451390274658322,0.7416659870492097,4,1005
0.8293479783805816,0.7464124353683799,4,1006
0.8798789108772168,0.7588434541965019,4,1007
0.8430702800928973,0.7308703996694341,4,1008
0.8684716107146041,0.7595306833689452,4,1009
0.8708428686064137,0.7332637405057442,4,1010
0.81706074411219,0.7208696928672789,4,1011
0.856936937701939,0.7146574456170111,4,1012
0.8168983437283731,0.7469419932908165,4,1013
0.8652809208207907,0.6713609203651448,4,1014
0.8792080805336073,0.7511110386185824,4,1015
0.8451783007612651,0.7575211904723069,4,1016
0.8297024994798942,0.7720160715936214,4,1017
0.8521615172653898,0.6937197910040397,4,1018
0.9062971014185089,0.743032833678579,4,1019
0.8367525867302965,0.7459644315407743,4,1020
0.7812137783457663,0.761972956662154,4,1021
0.8436986528198226,0.7373447074110925,4,1022
0.8628693281931312,0.7136864081945554,4,1023
0.87932802330074,0.7735993084212758,4,1024
0.8279957032891916,0.7975055320860994,4,1025
0.8309369546849857,0.7358169273679231,4,1026
0.8579750264298663,0.8238235821820613,4,1027
0.8500779097266155,0.7113659223496278,4,1028
0.8542037286278972,0.7508881240927107,4,1029
0.8328475474357723,0.7568230874205527,4,1030
0.8526264281680812,0.7417953862130084,4,1031
0.8700404196510833,0.7370337144628032,4,1032
0.8575122384080092,0.7412473426957434,4,1033
0.8829156919105503,0.7287989256607241,4,1034
0.845495671445979,0.7179141724705997,4,1035
0.8259832122583631,0.7316750667384343,4,1036
0.8181338603738818,0.7469452554546097,4,1037
0.851353761107974,0.7365172051955395,4,1038
0.8978926161958825,0.7309345555573679,4,1039
0.7594181608209605,0.8296084859754141,4,1040
0.9105842592631905,0.7097696368668004,4,1041
0.8206579656857542,0.6897856214693873,4,1042
0.8386249676260673,0.773467734481615,4,1043
0.8168346573033469,0.7188601999706405,4,1044
0.912187034293017,0.6571911682352237,4,1045
0.9097605814995181,0.6888069723314141,4,1046
0.848732003277728,0.7446693525148564,4,1047
0.8365148240768653,0.7392378497991051,4,1048
0.8816493934929457,0.77519233174031,4,1049
0.840568465029784,0.77746497251627,4,1050
0.8543852349392219,0.772037819352243,4,1051
0.8796698071150474,0.8024172633707939,4,1052
0.8410811407512451,0.748246858808114,4,1053
0.9061484997601145,0.7195039336258406,4,1054
0.873305410374094,0.7239176412380999,4,1055
0.8629117858098153,0.7433992834113534,4,1056
0.8468224719673586,0.7382244042473373,4,1057
0.853915016834445,0.7542111816100953,4,1058
0.8044253573869884,0.8124223197246734,4,1059
0.9007999014983293,0.6807418160465837,4,1060
0.834104292889623,0.7040934718665558,4,1061
0.8709267223993649,0.8042168903967335,4,1062
0.8248644540587359,0.7342663121782012,4,1063
0.8626899447626407,0.7956178266377422,4,1064
0.8466112453243549,0.7158013777205087,4,1065
0.8875701081395497,0.7388420405921915,4,1066
0.833500333292291,0.7735579876798947,4,1067
0.8860830301151875,0.7854735846286842,4,1068
0.8770204518339567,0.6526339254160618,4,1069
0.8248538396545648,0.6780635795723303,4,1070
0.8569613508315325,0.7983547820602739,4,1071
0.8474264315646906,0.7266589462123559,4,1072
0.8230037490075532,0.799559607887912,4,1073
0.8469678893045017,0.732688512290202,4,1074
0.8774683796899745,0.6878011384951639,4,1075
0.8547195886706096,0.7563772583688093,4,1076
0.8542886438612655,0.8211725304060851,4,1077
0.8521041994828662,0.7446650029631321,4,1078
0.8338208882982563,0.7410961957733231,4,1079
0.8527771527073099,0.7404752972646756,4,1080
0.8815697854616629,0.7488057762046899,4,1081
0.8507466171893907,0.7418541051612868,4,1082
0.8246871935090796,0.7323492472557047,4,1083
0.8943590810473445,0.7501769723857835,4,1084
0.8553670673250428,0.7097739864185247,4,1085
0.829024239053365,0.6757920261843013,4,1086
0.8550539424019972,0.7227421748846009,4,1087
0.874707573165088,0.7382439772300967,4,1088
0.8495800941709938,0.741388703126784,4,1089
0.8796528240683738,0.7096032665133449,4,1090
0.8551813152520497,0.7472127528856557,4,1091
0.8497170199848002,0.7407754163336541,4,1092
0.851476888196358,0.7590979029723749,4,1093
0.8681340726619652,0.7724358033350188,4,1094
0.904228354045574,0.6898378160900792,4,1095
0.8821302260018936,0.7275081961865305,4,1096
0.845904326006564,0.7490667493081494,4,1097
0.8515596805488921,0.7413702175319556,4,1098
0.8445032246559872,0.7659180000761171,4,1099
0.8659368909985606,0.7671630592572053,4,1100
0.9009410730738041,0.7461764721873352,4,1101
0.8556929295330936,0.7389138081956428,4,1102
0.8464106330855223,0.7384810277990724,4,1103
0.9107912401445257,0.7298982748590473,4,1104
0.8370572201300053,0.7381885204456116,4,1105
0.8190445762517566,0.7611628526534984,4,1106
0.872311902143685,0.7760850772317278,4,1107
0.8550900313761788,0.7412038471785002,4,1108
0.7763162922612502,0.8451657451053951,4,1109
0.8330938016125403,0.8012744186552273,4,1110
0.8495333907926412,0.7428077443768452,4,1111
0.9023899392431505,0.7113017664616941,4,1112
0.838478488848507,0.6660609915890544,4,1113
0.8515331445384645,0.7184578664361404,4,1114
0.8983012707564674,0.7242188476950094,4,1115
0.859282721023738,0.7259401827899112,4,1116
0.8679897167652391,0.7743778781799301,4,1117
0.8111145548955755,0.7409091650491771,4,1118
0.8283438557460016,0.7404948702474351,4,1119
0.8945119284674075,0.7270841148934089,4,1120
0.8692443393382556,0.6542497838816487,4,1121
0.8804733175107948,0.7207990126517586,4,1122
0.858134242492432,0.7224159585052765,4,1123
0.8506638248368567,0.7600493674120711,4,1124
0.9073277600635166,0.7381189276180223,4,1125
0.8483275944788116,0.7372533668248816,4,1126
0.8461622560279202,0.7377655265404209,4,1127
0.825767739853691,0.7222658989707873,4,1128
0.8689800406743968,0.7800518684043126,4,1129
0.859302888391663,0.7326591528160629,4,1130
0.780165075213668,0.8103443213883769,4,1131
0.911623409431535,0.7480141577908627,4,1132
0.8513526996675569,0.7404633359974337,4,1133
0.8137639101766662,0.769739081265937,4,1134
0.8535594342947153,0.6919897568056892,4,1135
0.8153486407194018,0.7503868382564822,4,1136
0.8698546675780902,0.7342054184540606,4,1137
0.8519014643631995,0.735212339678242,4,1138
0.8858537589850931,0.7333931396695428,4,1139
0.8157339435908105,0.7464026488770001,4,1140
0.8690564643844283,0.7061758197545766,4,1141
0.8710073918710647,0.7733165875591946,4,1142
0.8465624190651682,0.7426913938682195,4,1143
0.8364978410301916,0.746187346066646,4,1144
0.9048248835599862,0.7607224605414105,4,1145
0.8155375771136463,0.7086463651339934,4,1146
0.8665493421192295,0.71559151184981,4,1147
0.8517613542281418,0.8000086991034486,4,1148
0.9224522245668262,0.708307100099496,4,1149
0.8521116295657859,0.7545428349290751,4,1150
0.8229230795358533,0.7017001310302456,4,1151
0.8623173791762373,0.7332398179712604,4,1152
0.8446497034335475,0.6945723031420075,4,1153
0.8743477448636898,0.7978991665171509,4,1154
0.8638861881127164,0.7694911568176505,4,1155
0.8519534749436375,0.7935333039738592,4,1156
0.8292683703492988,0.7700979192831938,4,1157
0.8724159233045612,0.7399392150146525,4,1158
0.8374170484314033,0.741456121178511,4,1159
0.8520160999282467,0.7696901488090384,4,1160
0.8469997325170149,0.7228324280828807,4,1161
0.868408985729995,0.7369151891783153,4,1162
0.8293766372718434,0.765581997205413,4,1163
0.8489326155165606,0.8260092319235349,4,1164
0.8437358032344212,0.7427533749802911,4,1165
0.8621560402328375,0.7232521598242782,4,1166
0.9093020392393293,0.6611220756060828,4,1167
0.8534203856000747,0.7592512246706574,4,1168
0.8490483125220248,0.7467179913770137,4,1169
0.8480070394728463,0.7533053874635045,4,1170
0.8408051662427981,0.6670026695373708,4,1171
0.8297184210861508,0.7110821140996156,4,1172
0.8567904589243788,0.7429066966785736,4,1173
0.8746863443567459,0.729039238393493,4,1174
0.8392013297725546,0.7437602962044725,4,1175
0.8093833455752795,0.7701218418176776,4,1176
0.829342671178496,0.7228259037552942,4,1177
0.8991387472455621,0.724026380031208,4,1178
0.8595947845063665,0.7386376116611482,4,1179
0.88211324295522,0.7456099430752418,4,1180
0.8142309439601917,0.7414659076698907,4,1181
0.7958903149930582,0.7285912345658876,4,1182
0.833326257063886,0.7441767657820766,4,1183
0.902456809989428,0.7478825838512019,4,1184
0.8481938529862565,0.7365530889972652,4,1185
0.8850895218847785,0.7559129437222376,4,1186
0.8356051696394075,0.6924605957798474,4,1187
0.7755138433059199,0.8145557748454549,4,1188
0.8535297139630365,0.7467582247304637,4,1189
0.8661024757036289,0.7172302054619496,4,1190
0.8177029155645377,0.7568698451015892,4,1191
0.8419950409503713,0.7480380803253465,4,1192
0.8300198701646082,0.7361453185231097,4,1193
0.8550634953657511,0.742323856747514,4,1194
0.8503326554267203,0.7387800594801198,4,1195
0.8568435309452339,0.6996601912715371,4,1196
0.8521551486228872,0.7280671135831064,4,1197
0.7947322834979981,0.7732111109298798,4,1198
0.8526317353701667,0.7422499143682004,4,1199
0.850472765561778,0.8145459883540752,4,1200
0.8583826195500341,0.7396184355749835,4,1201
0.8501309817474706,0.7471594708770327,4,1202
0.8082072695931286,0.7468626139718475,4,1203
0.8487309418373109,0.6646180278045094,4,1204
0.8636611627442905,0.7540415490928466,4,1205
0.817008733531752,0.7403208881784621,4,1206
0.8523451464575488,0.774215857378199,4,1207
0.8021517520135525,0.7269862499796115,4,1208
0.897181451116423,0.7204771458241584,4,1209
0.8498104267415053,0.7372609785403992,4,1210
0.880689851355884,0.7479684874977572,4,1211
0.7880494546319137,0.8058871182588745,4,1212
0.8508814201223629,0.7064096081597591,4,1213
0.8535870317455599,0.7642923551191505,4,1214
0.8316746557748728,0.7042272205820788,4,1215
0.853136981008708,0.7361203086006949,4,1216
0.8242275898084737,0.7167767646946887,4,1217
0.8494155709063428,0.7363671456610503,4,1218
0.8590216066811306,0.7441724162303522,4,1219
0.8529947479928162,0.7571188569378069,4,1220
0.8477798912235861,0.749569122532309,4,1221
0.8383129041434388,0.7435732654803264,4,1222
0.8724265377087322,0.7899340499219799,4,1223
0.830416848880605,0.7620816954552622,4,1224
0.8322106831855101,0.6789411016327129,4,1225
0.8600108691498711,0.7481674794891452,4,1226
0.8537218346785321,0.7371979100403965,4,1227
0.8840684162035248,0.7816655520940373,4,1228
0.8989604252554887,0.7638095548777504,4,1229
0.8398074122507208,0.7097391900047302,4,1230
0.8550741097699222,0.7430611057647871,4,1231
0.8457344955398274,0.7826300651889064,4,1232
0.8134794441448824,0.7769528128007307,4,1233
0.8464286775726131,0.742323856747514,4,1234
0.8381324592725312,0.7456849728424865,4,1235
0.7829035914897953,0.7865337878614885,4,1236
0.8474710120622089,0.7403121890750135,4,1237
0.8153826068127492,0.7768745208696929,4,1238
0.8531677627808041,0.7427892587820167,4,1239
0.8411490729379397,0.736083337411038,4,1240
0.8679504434698063,0.7022981943923404,4,1241
0.8258887440612409,0.6998450472198209,4,1242
0.8516881148393616,0.7520320561962083,4,1243
0.8513389009421345,0.7405514144198514,4,1244
0.8251616573755249,0.7201085213155219,4,1245
0.8283725146372634,0.7423499540578599,4,1246
0.8422359879250538,0.7462254046442338,4,1247
0.8927945178725337,0.12084142078107075,5,1248
0.8921958654772874,0.11592642733258303,5,1249
0.8889860696559659,0.1125642238496795,5,1250
0.8953844324902666,0.08165522190869204,5,1251
0.8695946146758998,0.11789677426370244,5,1252
0.88037248067117,0.12284112718632936,5,1253
0.9087575203053552,0.09006725494353739,5,1254
0.9405434150359404,0.10763509435808771,5,1255
0.9298218053827766,0.07868774024477103,5,1256
0.8472884443104671,0.06243237806303588,5,1257
0.9331557897328991,0.1602059512741468,5,1258
0.9014303971060889,0.11182262528068201,5,1259
0.8808023640400969,0.1008073855388279,5,1260
0.8644986392333853,0.12010634653965975,5,1261
0.8750504184198125,0.11099621045306018,5,1262
0.8653849419816668,0.17532281829203977,5,1263
0.8580089925232137,0.11366248566007166,5,1264
0.9081418848634351,0.08455202335709276,5,1265
0.8821949738673369,0.11428773372044344,5,1266
0.8289647983900071,0.13645739885933006,5,1267
0.862723910855988,0.10833319740984194,5,1268
0.9096841577894866,0.13643673848863952,5,1269
0.8558999104144288,0.13242753918674258,5,1270
0.8946286869132888,0.14927444040298596,5,1271
0.870528682242951,0.11225866784104563,5,1272
0.8857752123942274,0.09128186726255526,5,1273
0.8867252015675352,0.09812153734905696,5,1274
0.8817417388092337,0.11856660522924856,5,1275
0.900745768037057,0.11852202232407423,5,1276
0.9222632881725817,0.16793510468827305,5,1277
0.8962272161814469,0.11973337247929886,5,1278
0.8825293275987246,0.1140974408325042,5,1279
0.9085823826365331,0.16728158454169317,5,1280
0.8709543198502095,0.11377992355662844,5,1281
0.9261120711249995,0.10648681270286581,5,1282
0.906143192558029,0.08188574815008129,5,1283
0.866770121725987,0.16208604500698648,5,1284
0.8562257726224796,0.09961669575429383,5,1285
0.886395093597816,0.11801312477232816,5,1286
0.9167682111332363,0.17346773448161498,5,1287
0.8359745509045595,0.12794858829861847,5,1288
0.8708736503785096,0.07370967829628058,5,1289
0.8648266243222703,0.1766744414903739,5,1290
0.8960871060463892,0.09591196507309965,5,1291
0.8880212203168187,0.07179152598585309,5,1292
0.8896324868699821,0.11862641156545803,5,1293
0.8812195101240187,0.06275098272684271,5,1294
0.8333379329084741,0.10641069554769012,5,1295
0.8964278284202795,0.10768185203912421,5,1296
0.8902852727265008,0.1076296574184323,5,1297
0.9026616679899291,0.07648577968433129,5,1298
0.8871741908639701,0.12067722520347747,5,1299
0.8813574973782422,0.08349725706394384,5,1300
0.8812311859686068,0.11605365172051955,5,1301
0.8578243018906376,0.10217966910785257,5,1302
0.8939016002275728,0.11856334306545532,5,1303
0.8806792369517129,0.11568611459981405,5,1304
0.8993478510077315,0.12792140360034143,5,1305
0.8685841233988171,0.11488144753081385,5,1306
0.8786699302421358,0.12312167327254835,5,1307
0.8879097690730229,0.11638204287570612,5,1308
0.892428320928633,0.11061127512545738,5,1309
0.9016437466299266,0.1278126648072333,5,1310
0.8687815513163984,0.14634827948044604,5,1311
0.8928316682871323,0.0969939160645256,5,1312
0.8591235049611725,0.10061818003881975,5,1313
0.8982078639997623,0.13245581127295067,5,1314
0.9040510934959177,0.1561771789894904,5,1315
0.89761133448535,0.12030968808277197,5,1316
0.8831237342323026,0.06454082326140262,5,1317
0.877196650943196,0.11193897578930771,5,1318
0.8663964946991666,0.13843318273010488,5,1319
0.8914740859936569,0.16494043832607502,5,1320
0.8811048745589715,0.11408982911698663,5,1321
0.9280056808291124,0.1641205478260397,5,1322
0.8963758178398413,0.1299124109021514,5,1323
0.8791624385956719,0.12033578539311793,5,1324
0.8468001817185994,0.1422390404888896,5,1325
0.889723770745853,0.1577386680585232,5,1326
0.893103397033911,0.12026619256552872,5,1327
0.9191628207142221,0.13156741533325722,5,1328
0.8817831349855008,0.11518482876358556,5,1329
0.9099622551787678,0.11972793553964345,5,1330
0.9171153021496291,0.0654172579338542,5,1331
0.9254316878176361,0.12971885585041892,5,1332
0.8306397513681967,0.039922360501720794,5,1333
0.8947136021466571,0.11620588603087094,5,1334
0.8537695994973018,0.1264066722123451,5,1335
0.8420290070437186,0.11527290718600314,5,1336
0.8709118622335253,0.12373496006567823,5,1337
0.8897067876991793,0.13817982134216292,5,1338
0.8771977123836131,0.10241563228889723,5,1339
0.8902099104568865,0.10893452293572993,5,1340
0.8825314504795588,0.11159753597894817,5,1341
0.9395552140076169,0.12288027315184828,5,1342
0.8889287518734423,0.09585868306447667,5,1343
0.8764886701849879,0.15418617168768045,5,1344
0.9291955555366855,0.10858220924605957,5,1345
0.8960255425021972,0.10799284498741349,5,1346
0.8945894136178559,0.1177184426430051,5,1347
0.8935162973561642,0.12858905979002538,5,1348
0.8906535925512358,0.12151886346213443,5,1349
0.9470044028548501,0.11879386930684456,5,1350
0.8735537874316963,0.13778401213524932,5,1351
0.8541676396537157,0.08977257281421433,5,1352
0.872977425285209,0.13527540817824463,5,1353
0.8926820051883207,0.11336454136695537,5,1354
0.8717196183909413,0.14964741446334687,5,1355
0.8508432082673472,0.11129089258238323,5,1356
0.8709352139227017,0.12865539045382135,5,1357
0.8576088294859656,0.1500127768081902,5,1358
0.8755811386283643,0.12336307339324841,5,1359
0.8788482522322092,0.06918396972712,5,1360
0.920729506769867,0.12511268057435831,5,1361
0.8601106445490789,0.09047937496941721,5,1362
0.8821525162506528,0.11601341836706955,5,1363
0.8782793201686416,0.07683918076193272,5,1364
0.9030352950167495,0.10728278066841736,5,1365
0.807032255051395,0.09278463738330968,5,1366
0.8433611147671837,0.08865908757278702,5,1367
0.8647003129126349,0.13294187367814406,5,1368
0.883742553995474,0.11825669966889038,5,1369
0.8854291828182517,0.1156197839360181,5,1370
0.9165962577856654,0.11674305566882513,5,1371
0.8814031393161776,0.06464738727864859,5,1372
0.8667881662130777,0.10883013369434613,5,1373
0.9143056693655558,0.1317903298591289,5,1374
0.8421510726916855,0.09637627971967139,5,1375
0.9037315999303696,0.09701566382314723,5,1376
0.8168006912099997,0.11772279219472943,5,1377
0.9063162073460168,0.1142899084963056,5,1378
0.8905474485095254,0.10671407678046181,5,1379
0.8056672426749997,0.09744626944385544,5,1380
0.9045828751448867,0.07745790449471801,5,1381
0.9152397369326071,0.12001718072931108,5,1382
0.8146565815674502,0.10194696809060116,5,1383
0.8809063852009731,0.12604130986750178,5,1384
0.8746247808125539,0.12971994323835,5,1385
0.8818744188613716,0.1160449526170709,5,1386
0.841090693714999,0.13779923556628446,5,1387
0.8690798160736045,0.09687974033176205,5,1388
0.8821886052248343,0.1161319436515574,5,1389
0.8914698402319884,0.11489449618598684,5,1390
0.8862157101673255,0.1512915450151419,5,1391
0.929702924056061,0.08206734193457187,5,1392
0.8894849466520046,0.12988196404008112,5,1393
0.8813829719482527,0.12356097799670522,5,1394
0.8761850982256962,0.10803742789258781,5,1395
0.9102775029826475,0.0910752635556498,5,1396
0.8813330842486488,0.11371902983248788,5,1397
0.848537759681398,0.16374213682602337,5,1398
0.9041922650713925,0.11402349845319067,5,1399
0.8472194506833554,0.09684711869382961,5,1400
0.8443365785105019,0.12642950735889782,5,1401
0.8961242564609878,0.13073665095391107,5,1402
0.9369270875348683,0.12061306931554366,5,1403
0.9428074674456224,0.10378356630619756,5,1404
0.8273832521685228,0.06009231923534881,5,1405
0.8864736401886817,0.03259336584623247,5,1406
0.8746035520042118,0.142351041445791,5,1407
0.9220403856849899,0.10427506565104634,5,1408
0.9108528036887177,0.2082978573020818,5,1409
0.8831513316831473,0.1150184584101301,5,1410
0.8507720917594012,0.13559944978170688,5,1411
0.8395356835039421,0.11886563691029593,5,1412
0.873899817007672,0.11466723210839083,5,1413
0.8748954481189153,0.10761225921153501,5,1414
0.8605999685813637,0.07262120297726815,5,1415
0.8660876155377895,0.08348638318463303,5,1416
0.8488402702002725,0.07195789633930853,5,1417
0.8904083998148848,0.1161439049187993,5,1418
0.889498745377427,0.11108755103927101,5,1419
0.9092012023997045,0.1441060855665563,5,1420
0.8732905502082546,0.110860286961675,5,1421
0.8800816459968837,0.16126615450695111,5,1422
0.8948898012558963,0.20957771289696456,5,1423
0.8881347944414488,0.08446611971053733,5,1424
0.8643691435024986,0.1499736308426713,5,1425
0.9050700762963372,0.1809946337405601,5,1426
0.9015153123394571,0.058629782468044386,5,1427
0.848977196014079,0.14379944216999135,5,1428
0.877535250436252,0.11730849739298743,5,1429
0.9290703055674673,0.11000233788405182,5,1430
0.8604142165083705,0.14672560309253127,5,1431
0.8197971375074832,0.10593115747008323,5,1432
0.8837287552700517,0.1485197931788155,5,1433
0.8849430431072183,0.1162319833412169,5,1434
0.9630820408527188,0.21690344538865963,5,1435
0.855276844889589,0.1268209670140871,5,1436
0.8777008351413201,0.12112849119487623,5,1437
0.911071460414641,0.07855616630511018,5,1438
0.9182850094892774,0.09001288554698332,5,1439
0.8992013722301713,0.11232064895311727,5,1440
0.8772263712748749,0.06817813589086975,5,1441
0.9060869362159224,0.1179228715740484,5,1442
0.9111648671713461,0.11690507647055626,5,1443
0.9154615779797817,0.13343880996264823,5,1444
0.8885200973128574,0.12825740647104558,5,1445
0.8220059950154758,0.08560135271058626,5,1446
0.8828350224388504,0.06842714772708737,5,1447
0.9010578315196854,0.13943901656635513,5,1448
0.9615556895329238,0.17318501361953384,5,1449
0.9006746515291111,0.12055761253105851,5,1450
0.8871073201176926,0.11948436064308122,5,1451
0.8807450462575733,0.1152228873411734,5,1452
0.900613087984919,0.13688039276452071,5,1453
0.8284213408964501,0.12212997547940216,5,1454
0.8532972585116907,0.12905881137625252,5,1455
0.8877537373317086,0.1171008062981509,5,1456
0.9171842957767409,0.07675218972744621,5,1457
0.8822427386861066,0.1157763677980938,5,1458
0.9050594618921661,0.11569372631533163,5,1459
0.8817364316071482,0.11854159530683368,5,1460
0.8454988557672304,0.145639302549381,5,1461
0.8821376560848133,0.11597101023775737,5,1462
0.8418358248878057,0.03721476455332822,5,1463
0.8658657744906147,0.10497969303038705,5,1464
0.9483577393866572,0.12057827290174906,5,1465
0.8898447749534028,0.09402099746094918,5,1466
0.9053513580068696,0.1121901624013875,5,1467
0.9040946125530189,0.14583829454076888,5,1468
0.9587832071634491,0.12944265931592425,5,1469
0.8673921258104098,0.1787731001973609,5,1470
0.8659942087810842,0.13633778618691111,5,1471
0.8673900029295756,0.11205423891000234,5,1472
0.8909115225725919,0.10020497262500884,5,1473
0.8990570163334451,0.08523381558988077,5,1474
0.8873822331857224,0.0910285058746133,5,1475
0.9600240310110433,0.13075622393667052,5,1476
0.8919485498601022,0.06768228699429665,5,1477
0.8670949224936207,0.12091753793624645,5,1478
0.8819933001880872,0.12162107792765608,5,1479
0.918055738359183,0.1122140849358713,5,1480
0.8808320843717758,0.08071028179658234,5,1481
0.8859078924463654,0.11836870062579176,5,1482
0.9168000543457494,0.12031729979828953,5,1483
0.8791932203677679,0.040016963251724866,5,1484
0.853229326324996,0.10986206484094233,5,1485
0.8791910974869337,0.08650497208131487,5,1486
0.8752266175290516,0.10840279023743116,5,1487
0.8965552012703318,0.09302386272814758,5,1488
0.9110576616892188,0.1733024515160906,5,1489
0.8823255310386406,0.1156012983411897,5,1490
0.8137989377104305,0.05856127702838626,5,1491
0.8918976007200812,0.11521853778944907,5,1492
0.8932838419048185,0.16758605316239594,5,1493
0.8500439436332681,0.12726027173824397,5,1494
0.8642258490461896,0.10116513616815367,5,1495
0.873641886986316,0.0901129252366428,5,1496
0.8776891592967321,0.12063372968623422,5,1497
0.9040383562109124,0.10114230102160096,5,1498
0.8801124277689796,0.06986684934783909,5,1499
0.8883385910015327,0.1022829709613053,5,1500
0.8702983496724395,0.15157861542894735,5,1501
0.897212232888519,0.11980948963447455,5,1502
0.8779184304268264,0.11982145090171645,5,1503
0.876714756993831,0.13175227128154104,5,1504
0.8751809755911162,0.12209300428974539,5,1505
0.9141878494792574,0.05920283590772426,5,1506
0.9107158778749114,0.10957499442713685,5,1507
0.8699671802623031,0.10727843111669304,5,1508
0.898748137172068,0.12395026287603234,5,1509
0.8767105112321625,0.17615358267138592,5,1510
0.8479136327161411,0.07539621697738777,5,1511
0.8614767183658912,0.14325574820445067,5,1512
0.9352563803183472,0.14637546417872307,5,1513
0.8669972699752472,0.1262957586433748,5,1514
0.9073585418356126,0.058425353537001096,5,1515
0.8802429849402834,0.07675762666710162,5,1516
0.9227175846711021,0.1123771931255335,5,1517
0.887531896284534,0.18909893599090943,5,1518
0.8855172823728713,0.11677350253089541,5,1519
0.8820060374730925,0.08107238197763243,5,1520
0.8910399568630615,0.09646544553002007,5,1521
0.8591097062357501,0.07652275087398805,5,1522
0.8680894921644469,0.10603989626319138,5,1523
0.8832075880252538,0.08355706340015333,5,1524
0.8719924085781369,0.08101801258107837,5,1525
0.879645393985454,0.07240590016691405,5,1526
0.9269251344845009,0.13643891326450167,5,1527
0.8838274692288423,0.10376943026309352,5,1528
0.8793556207515847,0.1001081950991426,5,1529
0.8552089127028943,0.10914547619435971,5,1530
0.9164434103656025,0.19671935061192755,5,1531
0.8967388304624908,0.10057577190950757,5,1532
0.833500333292291,0.04938807244178397,5,1533
0.8863812948723936,0.10745241318566605,5,1534
0.8780893223339801,0.13650959348002198,5,1535
0.9453188354724896,0.13052352291941913,5,1536
0.911686034416144,0.14966590005817526,5,1537
0.904288856149349,0.11674740522054945,5,1538
0.8719276607126936,0.1136309514100703,5,1539
0.8769365980410055,0.11843068173786339,5,1540
0.8875064217145234,0.1548179440756387,5,1541
0.8927690433025233,0.06486703964072703,5,1542
0.8366634257352598,0.09055875428838615,5,1543
0.8794861779228885,0.14418329010966308,5,1544
0.8193120592368668,0.12056848641036934,5,1545
0.8834039545024179,0.0908588733573646,5,1546
0.8350691422287702,0.09692758540072964,5,1547
0.8784353519099559,0.1200628510224165,5,1548
0.9002691812897775,0.12148297966040875,5,1549
0.8578593294244021,0.10662926052183747,5,1550
0.8805380653762381,0.12978301173835272,5,1551
0.8726441329942385,0.1084876064960555,5,1552
0.8821737450589948,0.1202085610051814,5,1553
0.922245243685491,0.10096179462504146,5,1554
0.8428187187140437,0.149849668618528,5,1555
0.8970827371576324,0.11825669966889038,5,1556
0.9141910338005086,0.10990990990990991,5,1557
0.8405111472472604,0.14924725570470893,5,1558
0.9346248232701706,0.11145835032376976,5,1559
0.919132038942126,0.1094673430219598,5,1560
0.8435458053997597,0.1229498659794375,5,1561
0.9295967800143506,0.13839403676458595,5,1562
0.8597189730351676,0.16808190205896906,5,1563
0.897272734992294,0.13335073154023064,5,1564
0.8816515163737799,0.113426522479027,5,1565
0.8962548136322915,0.17985940074051118,5,1566
0.8798651121517945,0.06519434340798251,5,1567
0.8187569258987216,0.12365993029843361,5,1568
0.864362774859996,0.09738972527143921,5,1569
0.8747012045225854,0.18298564104237008,5,1570
0.8889489192413673,0.10066058816813192,5,1571
0.8685883691604855,0.11789459948784028,5,1572
0.34057164935103534,0.5635387952829112,6,1573
0.31432435071689685,0.5828823391889173,6,1574
0.4095217574056698,0.621786904587146,6,1575
0.3608854960535645,0.547884758627064,6,1576
0.3497032212593778,0.5508348420840877,6,1577
0.2861515991661324,0.5524072050324313,6,1578
0.4127453519524135,0.5560901879550039,6,1579
0.31999987262714996,0.5693563207141964,6,1580
0.28312118677530157,0.5397249995922295,6,1581
0.37195419672312113,0.5808217390595182,6,1582
0.3398010436082181,0.5561782663774215,6,1583
0.4151102412017204,0.6126343603712342,6,1584
0.2799389884048249,0.5574004904119569,6,1585
0.34747525782387734,0.5874015234304915,6,1586
0.3420268841628844,0.56427169474846,6,1587
0.3157742783266604,0.5490928466184953,6,1588
0.33536952986681046,0.5330256025488374,6,1589
0.3297046223607284,0.5628722264811583,6,1590
0.3682763056778571,0.5779064520162891,6,1591
0.38091063096264155,0.5878886732236159,6,1592
0.33981590377405757,0.5592403507913466,6,1593
0.33807620293042473,0.5608127137396902,6,1594
0.3382163130654824,0.5569916325498703,6,1595
0.43754378441720554,0.6117666248022313,6,1596
0.33990400332867715,0.5430284841268547,6,1597
0.33384317854701545,0.572972972972973,6,1598
0.29395530911267825,0.5668672897399512,6,1599
0.3539903791040594,0.5887618457322742,6,1600
0.33348441168603443,0.5563903070239823,6,1601
0.3275636970394304,0.5236479690311917,6,1602
0.36735603683622825,0.5660854578175036,6,1603
0.34328256817631797,0.5581072925671599,6,1604
0.32397496698920303,0.576315603473117,6,1605
0.3301567959784146,0.5740723221712962,6,1606
0.38085862038220347,0.5746388512833897,6,1607
0.3388966963728458,0.5608116263517591,6,1608
0.33272335890697113,0.5942194457583715,6,1609
0.3685459115438014,0.546227579420096,6,1610
0.3460348831778677,0.5550789171790982,6,1611
0.3684249073362516,0.5765037215851941,6,1612
0.35978372090061095,0.53926285972152,6,1613
0.3966974342862238,0.5747062693351167,6,1614
0.30204773085267633,0.5372783767472965,6,1615
0.3546739467326741,0.5739255248006002,6,1616
0.3366538727715058,0.5854561864217869,6,1617
0.32682068874745784,0.5529400251186612,6,1618
0.33405015942835065,0.5742256438695786,6,1619
0.294310891652408,0.5495267144029968,6,1620
0.3264651062077281,0.5412516922474677,6,1621
0.41827014932343787,0.5581975457654396,6,1622
0.3250215472404672,0.5465766309459731,6,1623
0.3375125780689427,0.551667781239296,6,1624
0.3333623460380675,0.523811077220854,6,1625
0.340414556169304,0.5627591381363258,6,1626
0.35945467437130885,0.54783038923051,6,1627
0.3165533755928145,0.5768538604990023,6,1628
0.36929210415702524,0.5732361208522947,6,1629
0.330991088146258,0.5646435814208898,6,1630
0.3202195907934904,0.5544852033687279,6,1631
0.29693052660181973,0.5664540823261403,6,1632
0.3394454610684884,0.5278789954710292,6,1633
0.3398286410590628,0.5360202689110354,6,1634
0.26412564907081504,0.49775508761628257,6,1635
0.332363530605573,0.563470289843253,6,1636
0.345187853725019,0.5609312390241781,6,1637
0.35280687303898883,0.5998814747155121,6,1638
0.3333973735718319,0.5288435085658985,6,1639
0.310525455464083,0.5481239839719019,6,1640
0.3336606107952736,0.5517156263082637,6,1641
0.33487702151327436,0.5564805602222621,6,1642
0.30123891325484337,0.5644978714381249,6,1643
0.35378870542480967,0.5760926889472454,6,1644
0.32403971485464633,0.5492298574978116,6,1645
0.29133885848451785,0.5571786632740163,6,1646
0.37333831502702425,0.5400240312732769,6,1647
0.3758125326392928,0.5482892669374263,6,1648
0.41099503670460963,0.5726380574901999,6,1649
0.3369680591349685,0.5593142931706601,6,1650
0.3587435092918494,0.5673272548347986,6,1651
0.30179086227173724,0.5598808222827535,6,1652
0.33550327135936553,0.5604440892310536,6,1653
0.3293564699039184,0.5643010542225991,6,1654
0.33899965609330485,0.5301799083331974,6,1655
0.35817245434744766,0.5436722177820549,6,1656
0.3343006593667871,0.5594110706965263,6,1657
0.3251372442459315,0.5568611459981405,6,1658
0.3461017539241452,0.5547777107221887,6,1659
0.23236310602940616,0.5436037123423967,6,1660
0.33046885946104304,0.5444779722389861,6,1661
0.35312530516411994,0.5607746551621023,6,1662
0.3416139838406311,0.5535630984031709,6,1663
0.3554880715325926,0.5450890842562538,6,1664
0.4167905013819954,0.5910540594909937,6,1665
0.2729939837557159,0.5281725902124212,6,1666
0.3209519846812919,0.5394814246956673,6,1667
0.3776435173587966,0.5465972913166637,6,1668
0.284713347400957,0.555449716463597,6,1669
0.3448991419315668,0.5645587651622654,6,1670
0.28042831243710964,0.5605843622741631,6,1671
0.3233221811326843,0.5619185872656,6,1672
0.357080232158248,0.5422096810147504,6,1673
0.4082140628117981,0.5724129681884661,6,1674
0.3364702435793469,0.555771583291197,6,1675
0.2905756828246203,0.5121716768065592,6,1676
0.34298111909786055,0.5775236914645484,6,1677
0.33862602906648437,0.5546004664894224,6,1678
0.3229114036912652,0.5868513051373643,6,1679
0.3274501229148003,0.5327907267557237,6,1680
0.3586628398201495,0.5936953247755903,6,1681
0.3955977820141044,0.5896056587667934,6,1682
0.2959614315010041,0.5623143964725136,6,1683
0.34341949399012434,0.5704306599901048,6,1684
0.3386292133877357,0.5567273972826176,6,1685
0.362519052855487,0.5451749879028093,6,1686
0.33870563709776713,0.5615880213345512,6,1687
0.3505746638418199,0.5270982509365129,6,1688
0.37274072407219494,0.547979361377068,6,1689
0.370211311558237,0.5468963229977111,6,1690
0.33112695251964724,0.5203510088241531,6,1691
0.3443333941892506,0.5682460976365623,6,1692
0.27626640456164636,0.5120553262979334,6,1693
0.3277961524907761,0.5586379378775275,6,1694
0.45920247612820503,0.5940835222669864,6,1695
0.3331160918612995,0.53402382466957,6,1696
0.31927384738185105,0.5583465179119977,6,1697
0.315042945879276,0.546106879359746,6,1698
0.34059181671896027,0.5568046018257243,6,1699
0.3504027104942491,0.526792694927879,6,1700
0.2565533331351978,0.5162907022894953,6,1701
0.4152068322796768,0.6048280024140013,6,1702
0.3155672974453252,0.5571319055929799,6,1703
0.2942174848957029,0.5686777906452016,6,1704
0.31852977764946144,0.514895583573918,6,1705
0.36082287106895544,0.5625133884639014,6,1706
0.344921432180326,0.5735047056712718,6,1707
0.3229517384271151,0.5756305490765358,6,1708
0.37582633136471516,0.5516873542220555,6,1709
0.3206293067944924,0.5676447721106743,6,1710
0.34166281009981786,0.5712114045246212,6,1711
0.389058247604329,0.6040461704915537,6,1712
0.3383373172730322,0.535814752592061,6,1713
0.34151102412017204,0.5519048318082718,6,1714
0.3733945713691308,0.5649273896709021,6,1715
0.33133074907973115,0.5631321121966867,6,1716
0.34124672545631324,0.559406721144802,6,1717
0.33383893278534704,0.5494527720236833,6,1718
0.3297332812519902,0.5655461134036873,6,1719
0.3387215587040237,0.5669901645761634,6,1720
0.2857949551859856,0.5592501372827263,6,1721
0.3440786484891457,0.5807434471284804,6,1722
0.21860471534290893,0.5200932978844868,6,1723
0.36697391828607095,0.5398717969629255,6,1724
0.3194850740248547,0.5094379835478205,6,1725
0.2835691146313193,0.520188988022422,6,1726
0.3202174679126562,0.5637464863777477,6,1727
0.3916407321391421,0.5637051656363666,6,1728
0.41604324732835446,0.5765178576282982,6,1729
0.3307501411715755,0.5445247299200227,6,1730
0.3249313248050134,0.5678839974555122,6,1731
0.34850910079013625,0.5634083087311814,6,1732
0.3443355170700848,0.5215590968155844,6,1733
0.42385014159615164,0.572198752766043,6,1734
0.3199966883058986,0.564218412739837,6,1735
0.3890624933659974,0.568775655558999,6,1736
0.342064034577483,0.5549886639808185,6,1737
0.3681637929936441,0.5559727500584472,6,1738
0.3203660695710507,0.5301440245314717,6,1739
0.4067110631811794,0.6114871661039434,6,1740
0.36457187862216545,0.5465679318425245,6,1741
0.3875180975591116,0.5782250566800959,6,1742
0.30221437699816156,0.5626830209811501,6,1743
0.3364256630818286,0.5304321823332083,6,1744
0.3270966632559048,0.5655983080243793,6,1745
0.3008483031813492,0.5224757648414861,6,1746
0.31186605471088485,0.513947381298015,6,1747
0.33759537042147675,0.5512078161444486,6,1748
0.3612400171528771,0.546066646006296,6,1749
0.3398700372353298,0.5552409379808293,6,1750
0.33838614353221896,0.5581486133085409,6,1751
0.351999116881573,0.5595513437396359,6,1752
0.4170739059733621,0.5898394471719758,6,1753
0.2798370901247829,0.5236925519363661,6,1754
0.3365753261806402,0.5505347230151093,6,1755
0.36794089050605233,0.5910562342668558,6,1756
0.34349804058099004,0.564939350938144,6,1757
0.33093695468498574,0.5588826001620208,6,1758
0.3552577389620811,0.5682210877141475,6,1759
0.27265007706057426,0.5530661621186667,6,1760
0.278342582017501,0.5535424380324803,6,1761
0.3306715945807098,0.5612987761448835,6,1762
0.3206346139965779,0.5683820211279474,6,1763
0.2868776244114313,0.5663181588347551,6,1764
0.278250236701213,0.5078949800736161,6,1765
0.3766627464133928,0.5567882910067581,6,1766
0.3400388062616493,0.5616543519983471,6,1767
0.33833201007094665,0.5571862749895339,6,1768
0.3592731680599841,0.5527682178255503,6,1769
0.3382163130654824,0.5578626302826665,6,1770
0.3379307855932815,0.560140707998282,6,1771
0.34291530979200013,0.5782348431714757,6,1772
0.26109311379915,0.532019768712587,6,1773
0.3017155000021229,0.5708558286711576,6,1774
0.34829150550463,0.557161265067119,6,1775
0.3463575610646672,0.5538621300842181,6,1776
0.3529777649461425,0.5885552420253688,6,1777
0.3172072228897503,0.5194289038585961,6,1778
0.3710063304306476,0.5546548358859765,6,1779
0.30803637768597497,0.5242993144019095,6,1780
0.34441512510136757,0.5924024205255346,6,1781
0.365263937774117,0.6069995161123707,6,1782
0.32772079022116174,0.543981035954482,6,1783
0.33003579177086473,0.5456969341097283,6,1784
0.3107080232158248,0.5105601678926965,6,1785
0.31420228506892994,0.5676523838261919,6,1786
0.38164408629086016,0.5612705040586754,6,1787
0.32912083013132143,0.5750259613868546,6,1788
0.35279519719440067,0.540961359669869,6,1789
0.3586012762759575,0.5403393737732904,6,1790
0.3390803255650047,0.5838522892234419,6,1791
0.32957724951067596,0.5622882991621676,6,1792
0.34149085675224705,0.5557009030756768,6,1793
0.341879343944907,0.563562717817395,6,1794
0.3267750468095224,0.5349774638851283,6,1795
0.33558924803315093,0.5422520891440626,6,1796
0.29988239240178494,0.5254214987467855,6,1797
0.33196655188957624,0.5600765521103481,6,1798
0.330017747283774,0.5551506847825496,6,1799
0.40392584352669947,0.5840360577837946,6,1800
0.33761766067023596,0.555797680601543,6,1801
0.3361730402625579,0.5594349932310101,6,1802
0.3437814451723567,0.5532499306790194,6,1803
0.3314676748935375,0.5912639253616924,6,1804
0.3593495917700156,0.5493918782995427,6,1805
0.4203792314322228,0.5798289538784409,6,1806
0.34531734945590564,0.5746769098609774,6,1807
0.31478077009625144,0.5287771779021024,6,1808
0.34086566834657306,0.5586020540758018,6,1809
0.3402426028217332,0.5969216047671086,6,1810
0.32564142844405575,0.5255574222381706,6,1811
0.35773726377643517,0.5378916635404264,6,1812
0.3040634062047561,0.544543215514851,6,1813
0.3478764823015425,0.5594121580844574,6,1814
0.3001201550552161,0.5662681389899253,6,1815
0.35302340688407796,0.5507108798599444,6,1816
0.27509669722199814,0.5109788122461629,6,1817
0.3345596508285604,0.5459687810924987,6,1818
0.3385124549418543,0.5570286037395271,6,1819
0.3228869905616718,0.5727119998695135,6,1820
0.3270701272454772,0.5261337378416437,6,1821
0.32064947416241735,0.5175803443757577,6,1822
0.34566868623396696,0.5749487568437478,6,1823
0.3876974809896021,0.5961930548532842,6,1824
0.362272798678719,0.5438962196958576,6,1825
0.3322828611338731,0.5250659228933218,6,1826
0.2646075430201801,0.4976898443404177,6,1827
0.3505099159763766,0.5605876244379564,6,1828
0.37604923385230693,0.5382581132732008,6,1829
0.3507508629510591,0.5531749009117748,6,1830
0.3350861252754438,0.5614444861276485,6,1831
0.35129750476586746,0.5268785985744344,6,1832
0.28570473275053176,0.5105906147547669,6,1833
0.32340072772354994,0.5127610410652053,6,1834
0.366206496864505,0.5659875929037064,6,1835
0.35237698967006187,0.5696020703866208,6,1836
0.2713986388088091,0.552857383635899,6,1837
0.34914808792123264,0.5789329462232299,6,1838
0.30689532923758855,0.51356027119455,6,1839
0.3146937319820489,0.5650763618174602,6,1840
0.34192286300200825,0.5555095227998065,6,1841
0.3413709139851144,0.530282122798719,6,1842
0.31735794742897905,0.5591609714723776,6,1843
0.347820225959436,0.5833249060768675,6,1844
0.29074020608927137,0.5364595736351923,6,1845
0.33451082456937364,0.5671478358261701,6,1846
0.3240471449375661,0.558070321377503,6,1847
0.3293755758314263,0.5388920604370212,6,1848
0.33594695345371484,0.5567687180239986,6,1849
0.2998760237592823,0.5376296030490357,6,1850
0.319897974347108,0.5640422558950018,6,1851
0.28161818714468284,0.5101023775737114,6,1852
0.3345575279477262,0.5588401920327086,6,1853
0.3316311367177715,0.5493124989805738,6,1854
0.3409144946057598,0.5373425326352302,6,1855
0.3394539525918252,0.5548994981704698,6,1856
0.33838508209180185,0.5571590902912569,6,1857
0.32386351574540717,0.5597285879724021,6,1858
0.3542536163275011,0.5469844014201286,6,1859
0.3877951335079757,0.5493081494288495,6,1860
0.28956200722628633,0.5102567866599249,6,1861
0.2858894233831078,0.565783163972663,6,1862
0.30899485838261953,0.5528019268514138,6,1863
0.33662415243982696,0.5568361360757257,6,1864
0.33683537908283057,0.5510142610927161,6,1865
0.4002352151964302,0.5873134450080738,6,1866
0.3233200582518501,0.5610410652052172,6,1867
0.3328072126999223,0.5510566692220283,6,1868
0.2977669416504974,0.5596133248517074,6,1869
0.3445456822726713,0.5201748519793179,6,1870
0.32483897948872537,0.5522234364720786,6,1871
0.36917534571114385,0.5493353341271265,6,1872
0.3446677479206382,0.5475596296356706,6,1873
0.29441915857495254,0.53836793945424,6,1874
0.35673844834394064,0.5724825610160553,6,1875
0.3306439971298651,0.5144236572118286,6,1876
0.28987619358974903,0.5514927117823919,6,1877
0.3041143553447771,0.5137505640824892,6,1878
0.34192286300200825,0.5819102143785306,6,1879
0.27872894632932677,0.5535848461617925,6,1880
0.32524232684722476,0.5417116573423152,6,1881
0.33474221858030223,0.5808793706198655,6,1882
0.35211056812536884,0.567653471214123,6,1883
0.32111756938636005,0.5216058544966209,6,1884
0.4094049989597884,0.5969411777498681,6,1885
0.293942571827673,0.5192875434275555,6,1886
0.21377197712383614,0.5299395956004285,6,1887
0.33780235130281194,0.5536696624204168,6,1888
0.3458586840686285,0.5740451374730192,6,1889
0.32485171677373065,0.5538838778428398,6,1890
0.3452738303988044,0.5726913394988229,6,1891
0.32907200387213464,0.5581159916706084,6,1892
0.35463148911598996,0.565235120455398,6,1893
0.4137293072190686,0.569685799257314,6,1894
0.3664336451137652,0.5375339129111006,6,1895
0.40859830424278965,0.551079504368581,6,1896
0.3703248856828671,0.5951176281894447,6,1897
0.344183731090439,0.5702273184469926,6,1898
0.1727844554173796,0.3213688039276452,7,1899
0.16094196468375443,0.32296400202254155,7,1900
0.17694317897159162,0.3032703192027272,7,1901
0.1670770902946134,0.2626237583389062,7,1902
0.24290851657333068,0.36132922300695386,7,1903
0.16369746400655547,0.3346816943678742,7,1904
0.2074139490253854,0.25973783076981627,7,1905
0.16012147124133333,0.3180337851430187,7,1906
0.1323265924790578,0.32001391856551786,7,1907
0.15481533059623231,0.33259064737640476,7,1908
0.1577385375049357,0.3444921082820902,7,1909
0.15425170573475028,0.3184143709188972,7,1910
0.14847003978278683,0.32793445225551443,7,1911
0.16552738728564212,0.3152533342032437,7,1912
0.22677143791210425,0.25874178342494575,7,1913
0.17958934993143094,0.34320029141996555,7,1914
0.15787652475915917,0.3254182365829922,7,1915
0.15967885058740114,0.2775818667188613,7,1916
0.18356550573390112,0.32502786431573394,7,1917
0.14034259050902437,0.3202477069707003,7,1918
0.12680391798886761,0.2859014717795647,7,1919
0.1934135499237886,0.29525735753858867,7,1920
0.12191704630852251,0.325429110462303,7,1921
0.14840953767901194,0.3595524311275669,7,1922
0.17859584170102197,0.29676882676279176,7,1923
0.17344042559514963,0.3121260065134537,7,1924
0.14557549176534523,0.4130214704746992,7,1925
0.17292562699285438,0.4183159623111343,7,1926
0.19007531981199768,0.3497866001185253,7,1927
0.18966029660891015,0.2985967258749395,7,1928
0.15020443342433415,0.3258716773502531,7,1929
0.2023763528058116,0.3356918777558488,7,1930
0.12966343847254477,0.3045425630820924,7,1931
0.1602276152830437,0.3505999662909741,7,1932
0.15562202531323108,0.3391726065232402,7,1933
0.14397802393760428,0.32053151522071255,7,1934
0.17677759426652345,0.3401534304370756,7,1935
0.11622454135159577,0.3367531683765842,7,1936
0.21694780685181017,0.35432970689458315,7,1937
0.15508705934301084,0.320483670151745,7,1938
0.21623133457026522,0.2958521587368902,7,1939
0.10924344772830522,0.41729381765591783,7,1940
0.15576531976954006,0.32417643956569725,7,1941
0.16944516386517158,0.31659517091019806,7,1942
0.13683452993049688,0.3357027516351596,7,1943
0.16735731056472877,0.30548206625454666,7,1944
0.1490124358359268,0.35826170165337334,7,1945
0.1688051152936581,0.34692024553219486,7,1946
0.15939332311520024,0.34674517607529076,7,1947
0.15339830763939896,0.32246489096217523,7,1948
0.15935511126018453,0.3452478428941917,7,1949
0.13377545864840423,0.3398032915232674,7,1950
0.17166251289650106,0.33381722096266453,7,1951
0.1539937757133941,0.32538887710885295,7,1952
0.15617822009179336,0.3159025047980992,7,1953
0.14153883385910015,0.24667069000201167,7,1954
0.14400562138844897,0.33106612949702874,7,1955
0.1496630988116113,0.3225877657983874,7,1956
0.20319153904614717,0.37587847352482234,7,1957
0.19468833986473003,0.33870394232494416,7,1958
0.12539007935328558,0.32993307127284194,7,1959
0.1637048940894752,0.3336845596350726,7,1960
0.1695905812023148,0.38846281405122685,7,1961
0.16629693158804223,0.32698407520374934,7,1962
0.1624470871952074,0.32176570052248993,7,1963
0.17054269325645674,0.30431529900449633,7,1964
0.17633815793384255,0.3358321507989583,7,1965
0.13399093105307627,0.28896138141762767,7,1966
0.14130107120566895,0.29384810277990725,7,1967
0.15216279099389035,0.3051188786855655,7,1968
0.17734440344925678,0.337726380574902,7,1969
0.14791809076589293,0.28075595208968773,7,1970
0.15984231241163507,0.28822739456414775,7,1971
0.15094213451422117,0.28889287597796953,7,1972
0.1859272106619567,0.3302484137728555,7,1973
0.11343295305461323,0.3263262055054451,7,1974
0.20510107035651662,0.26078389795951656,7,1975
0.12819758925652466,0.3250082913329745,7,1976
0.16245345583771,0.3278474612210279,7,1977
0.15955572349901712,0.3180033382809484,7,1978
0.17722976788420958,0.3076753277115377,7,1979
0.13399305393391048,0.2584492760714849,7,1980
0.1586407618594738,0.3235685897122228,7,1981
0.15886260290664844,0.3916793075513655,7,1982
0.141199172925627,0.3880278588787943,7,1983
0.14457455345201653,0.2653183056321258,7,1984
0.10375580077187947,0.3705502726625237,7,1985
0.15300239036381932,0.31857095478097286,7,1986
0.14735871166607933,0.2823337519776868,7,1987
0.12872937090549358,0.3261391747812991,7,1988
0.15280602388665515,0.3196594300999853,7,1989
0.14916846757724103,0.3288032752124484,7,1990
0.22909705386597828,0.2708824696754691,7,1991
0.12847780952664004,0.3080722243063824,7,1992
0.09382814855070926,0.3501291273168159,7,1993
0.1832311520025135,0.3666693851364944,7,1994
0.12090761647185697,0.28032534646897955,7,1995
0.20843930046830753,0.4205026994405389,7,1996
0.1455340955890782,0.3134678432204081,7,1997
0.19108474964866323,0.28838941536587887,7,1998
0.14824183009310957,0.30503406242694114,7,1999
