0,1,cluster
0.4040893350882636,0.5715435514141387,5
0.5142481696380302,0.2777148632954929,4
0.9259515443455341,0.2655432452779562,0
0.9178766780900091,0.2594546952095762,0
0.4961992298821652,0.2802082502447711,4
0.920171859734192,0.2598120103469909,0
0.7912638056017434,0.6947979022446158,1
0.7674309959983074,0.6791932875703148,1
0.4063313180379294,0.5724261304509687,5
0.9118283951778238,0.26265835332889914,0
0.9431986111078172,0.22697191078069237,0
0.4173466212005919,0.5718918332991744,5
0.9125789926063561,0.26773095453827805,0
0.9102020127480279,0.27289930310189947,0
0.39987173712592144,0.5787800334708806,5
0.9084446884813051,0.2688011869845842,0
0.5191219278404253,0.3057988252472133,4
0.5163726734436592,0.2953845766402937,4
0.9028853279042414,0.26902301471018936,0
0.9258373087933267,0.28699372298894926,0
0.5007076129528389,0.29624191122212523,4
0.8996517691118625,0.25268840426319966,0
0.4092497175000369,0.5731377165567555,5
0.7729301440508541,0.6789327063418439,1
0.5183000507632878,0.2828307964889938,4
0.965994866026074,0.511583575372144,2
0.498048194981382,0.2911848678604871,4
0.7760902919166647,0.6854151174448625,1
0.7744847323729137,0.675258938565472,1
0.9193354778573735,0.2804576156175739,0
0.933411018521478,0.27143594639331114,0
0.4053987937477066,0.5710578585152906,5
0.7897875321467802,0.6666173800789051,1
0.5044410542509045,0.2941379270455164,4
0.507333082982773,0.2990050511642692,4
0.9526432794661821,0.5165198078264782,2
0.9653021487593589,0.5275851626240933,2
0.9655391079802409,0.5299711786741713,2
0.41260229688968697,0.5572690697905603,5
0.9065274371471324,0.26666160876978195,0
0.9155049093373463,0.2695034402491251,0
0.9512693898624583,0.5183811593497074,2
0.9151274813822051,0.2832109829263205,0
0.9097122157918303,0.26920693625648334,0
0.9023693713908277,0.2676029899890719,0
0.5175216133390369,0.2767642218548891,4
0.8951817703244138,0.2340456649127065,0
0.5056603874009695,0.28926532736126004,4
0.9188414682727296,0.27653592889213857,0
0.4063142577166554,0.5662771668774789,5
0.9458526023619109,0.5206852595357757,2
0.957786043483812,0.5238878855213724,2
0.4081084665034219,0.5589600414291422,5
0.5109195495095924,0.2919161109873703,4
0.49683466346246863,0.25096400837068517,4
0.773343296274703,0.6864392140481066,1
0.5082284382730485,0.28427043746809333,4
0.9083509100990089,0.27241599877042083,0
0.7761027570265132,0.6520754940317546,1
0.41202289856719254,0.5686239190508823,5
0.43055715719555543,0.5740381311065774,5
0.9575782004910849,0.5132066394047221,2
0.9006348719800967,0.27709025089760275,0
0.4057131344420798,0.5615802126422323,5
0.907638591013847,0.268232817435733,0
0.4281472765857898,0.5943460500366554,5
0.5153059205943457,0.28996539338833227,4
0.9101960273908581,0.26562410321839003,0
0.9487046223926275,0.5198140082060948,2
0.8902597279355275,0.262307322993706,0
0.4211510570504761,0.5690770842862468,5
0.7631783065655375,0.6996134277535193,1
0.3854834579819618,0.5610877824335102,5
0.9579883901880284,0.5162517711887394,2
0.9560810890501166,0.526621936521622,2
0.41495950604542703,0.5738417112496601,5
0.5053239344390208,0.2852808909924337,4
0.776848017838613,0.6852943502215336,1
0.9069181200875784,0.2682417465514882,0
0.9676197454094296,0.5316192682817965,2
0.8980536027931573,0.2488931628482688,0
0.5144684281351732,0.30242513807089355,4
0.41719867682199385,0.5729678759454107,5
0.41111736579038893,0.5681378769936896,5
0.9382278215336236,0.5227923293179865,2
0.7873774721669559,0.6892302873868228,1
0.9684137230996455,0.5308675260618217,2
0.9117285756866423,0.2753494222606782,0
0.9036292868619219,0.300975874082987,0
0.9556526873044076,0.5199601628913366,2
0.772647835110368,0.6854015175576585,1
0.4125299321988553,0.578610695141778,5
0.4954200068716701,0.3008723989673336,4
0.7867788362511007,0.689401538062469,1
0.49998510109706096,0.290875356116729,4
0.41628592568551065,0.5772487925702378,5
0.7712296275771147,0.6874468013515004,1
0.4238473978857637,0.5810651194284953,5
0.5258559723050278,0.308418677072277,4
0.4960144527254747,0.3055734090524519,4
0.4195724721281954,0.5756218081226693,5
0.7706568798975607,0.6870180370716786,1
0.8990480912023604,0.30183971211207133,0
0.5122368140125103,0.29555048724676425,4
0.4322996629360327,0.5728105932899542,5
0.9048536629653859,0.27417521127939576,0
0.424603840863842,0.5762871436397047,5
0.5241373349251369,0.30042496271429325,4
0.9051302325224282,0.26588509494092477,0
0.41836269639950374,0.556762695061568,5
0.9011922550930402,0.2810661972417646,0
0.7525091481692442,0.6876356313588529,1
0.40516673911014983,0.5831408199492306,5
0.41082325485526866,0.5709622265965053,5
0.43475952916507965,0.5569300784337824,5
0.5252138657394637,0.28877472303702556,4
0.5161857149184319,0.2925698559008415,4
0.92369647645305,0.30783596644371375,0
0.9015712375759594,0.2752143818275389,0
0.9658936609446939,0.5289593205507822,2
0.775275084593745,0.675033285671651,1
0.4164180775674096,0.5745315327501352,5
0.9009240677832304,0.27070261777438664,0
0.4318412832243647,0.5739441923433016,5
0.5249606695831136,0.30704271883781753,4
0.4360771445614681,0.571678015156508,5
0.9006182184453408,0.26809856555453554,0
0.4180052836927664,0.5737516875606645,5
0.7594557169460364,0.6845018945136472,1
0.9043855966246902,0.27278604305921056,0
0.7633590785542455,0.7082441281005732,1
0.9009074704627822,0.27212501165177594,0
0.8999920679654916,0.27435045301489375,0
0.40753180040057196,0.5713273026314807,5
0.41807857931348796,0.5742681908477552,5
0.9026091157350769,0.27504218283889265,0
0.9595017285656119,0.5320155721106148,2
0.41386513632890476,0.5839195622318563,5
0.8930063345579922,0.28757952864121294,0
0.4062544170329699,0.5816394947614005,5
0.9554093191433555,0.5378038976862367,2
0.5249604498519681,0.2916643925838722,4
0.4195280434087684,0.5682395608327168,5
0.4310015248520232,0.5766478401527431,5
0.7736642359747194,0.6844015139441563,1
0.4297818022408443,0.5649362791521823,5
0.5166811593400696,0.30994584296209704,4
0.5185883517253762,0.2945975198318576,4
0.4130612023040143,0.5751182631926826,5
0.4144277800345379,0.588646268881578,5
0.9138437007263053,0.27393502243281753,0
0.526192561210212,0.2940082087827242,4
0.9013703326433179,0.27596039260550764,0
0.7662384928180616,0.677957577449259,1
0.9636028187922939,0.5362724918013423,2
0.42578122017340597,0.5800868829704873,5
0.5187481860317908,0.29813569201644563,4
0.8994608678509908,0.2764870900745782,0
0.7657383239507167,0.688371557717898,1
0.89602130393871,0.2829813930063918,0
0.41221953859948124,0.5834328555881748,5
0.41199704113142105,0.5658267923902021,5
0.531986387643007,0.3079566512181135,4
0.7336859449664848,0.6700047032602965,1
0.413196462557076,0.5779336739768972,5
0.44199624120754155,0.5228286365288584,5
0.9886886985454877,0.5431725053763358,2
0.9794747372050292,0.549574109690847,2
0.9037033385779861,0.27426973954157696,0
0.501245683783341,0.2865570400899903,4
0.4108480154238976,0.5765987862417824,5
0.8970953206557994,0.2795423116691373,0
0.8995703030742546,0.27900033394326895,0
0.44946469110848214,0.5604493360165903,5
0.7337082615110172,0.6777380616260719,1
0.8877378971455189,0.265520263625703,0
0.8910199380073172,0.2833082446823927,0
0.4202348550572391,0.5667693471593096,5
0.44248948658058573,0.5708100195135616,5
0.5201481023674587,0.2914083728838076,4
0.4132534848686885,0.5672593076144733,5
0.9916982327122748,0.5672280260056746,2
0.9585496293142757,0.5295097514091267,2
0.911057966196648,0.26456462027626276,0
0.9838055613064407,0.5318731756815751,2
0.44086541255690426,0.5918791040903523,5
0.42306088543531933,0.5752296055511916,5
0.9189606304758238,0.3029773852666622,0
0.5037108380699394,0.2842763960247084,4
0.8977546360491787,0.2782901231924742,0
0.9571680599925767,0.5523715469675831,2
0.896643245454534,0.2779825557318731,0
0.5333869184341445,0.29283605470565216,4
0.42472664782261604,0.5757093170156428,5
0.9018291267159056,0.28573300573183696,0
0.9695184480082714,0.5306389850571055,2
0.9085290772604395,0.2766596570586779,0
0.5098196047449597,0.28622368553629984,4
0.9596837570428957,0.5465741386210418,2
0.5139515132422998,0.30201391151275814,4
0.43856484472014157,0.5574852034806476,5
0.5156647022123164,0.300288390182871,4
0.7656110263709978,0.6847947500547915,1
0.520901492811723,0.2986998191211122,4
0.9679809491453676,0.5338181203217892,2
0.4458552953762247,0.5801891606580021,5
0.4259495524899146,0.5777199879148364,5
0.4264011709079486,0.5734211792268011,5
0.8851007764808256,0.2715323220230684,0
0.9034664179253478,0.27766663931008495,0
0.9102331249257424,0.27283811816098763,0
0.9599804099861313,0.5316130340979744,2
0.5064482568954376,0.29154717956249787,4
0.8915057438365357,0.2576600803421499,0
0.7740404398068012,0.6990391337349424,1
0.5195561218509209,0.3003983915561703,4
0.8936536670958358,0.2837268610568966,0
0.5195733145396765,0.30111062625862267,4
0.3793945978214724,0.5686962217607536,5
0.8883019932242264,0.2638745025671011,0
0.7421352618574487,0.6994351111043794,1
0.42651700226143757,0.5764481881418072,5
0.753884408937952,0.6959837546540536,1
0.5363811640440792,0.30166075651722374,4
0.7517223373234339,0.6979502703439128,1
0.4403106344289585,0.5614886166889556,5
0.9756943647311851,0.5283819762153634,2
0.5292414725949732,0.30052420363792265,4
0.895886059069057,0.2783998211875544,0
0.8872010491515239,0.2817422493935404,0
0.434624406891778,0.578820420595444,5
0.9638067084171147,0.537643699149544,2
0.7666185537507888,0.6952780608563717,1
0.42620604870377654,0.5661793331833143,5
0.432544557938359,0.5702530595891676,5
0.9597555619786491,0.5454823677511286,2
0.8998066531724185,0.28746782825284806,0
0.5226344739393414,0.30189373601394587,4
0.535032526195741,0.3010241274104552,4
0.8949188737761903,0.2807851857688154,0
0.5182630524901827,0.3020841000093251,4
0.5165857450510712,0.2943638337663705,4
0.7501182686371897,0.6805980791800986,1
0.8929683699172394,0.27698737391632483,0
0.4292724284400889,0.5754367820987032,5
0.4358567237973072,0.578316115176209,5
0.5141742514522465,0.31494128749668776,4
0.5287163315998344,0.3046188055130364,4
0.42741080004726634,0.5998099084243035,5
0.43510681781930993,0.5660213622788465,5
0.8914339715925977,0.27729442999395615,0
0.431230314058802,0.5743913154748868,5
0.5184787203016826,0.2793906129058822,4
0.9671423412952255,0.5417190930371658,2
0.5291011204464586,0.28777663890610317,4
0.4423766301881291,0.5782046232194566,5
0.5477889622383967,0.28729779685949414,4
0.750327998971024,0.6766511654993562,1
0.7797327252845689,0.7130437980778043,1
0.8936399910706365,0.2924143808782921,0
0.4213072387553367,0.5784006732272697,5
0.42607769227686554,0.5722734011518957,5
0.7480908309075922,0.6980445101573766,1
0.9122261108732781,0.28699840774709,0
0.8861896183743374,0.2751884765829541,0
0.5301147361320224,0.29837173986897847,4
0.7551701528069387,0.6917190247300286,1
0.5216098818588392,0.324492936123915,4
0.8960492445748948,0.2765586319622105,0
0.44410595247032286,0.5856651935539064,5
0.43007562973561714,0.5743358019411822,5
0.5109327061818315,0.2851729799052961,4
0.5290004813066599,0.3001964675084389,4
0.4295140490623753,0.5726989553406069,5
0.9164830709336869,0.28536253324346383,0
0.9634161499071418,0.5577779028360532,2
0.44001194337349114,0.5564673267768196,5
0.5312886904931415,0.291394778089417,4
0.4246635609390721,0.5818981296700982,5
0.9624562379782476,0.5349962919443172,2
0.7510519293838,0.6911870000523341,1
0.891621698479952,0.2865070088846122,0
0.7623554677730838,0.6828460541195117,1
0.4388398961104988,0.5812722382848212,5
0.8905178653071937,0.28260503935838094,0
0.8870736178601359,0.28763823313008885,0
0.8938119900896968,0.29296177149866826,0
0.8983032383921893,0.2869442328212175,0
0.4389248259163266,0.5765757055900723,5
0.5261387433346855,0.303118483942353,4
0.4362578870370438,0.5917308597614706,5
0.5060479125651398,0.3213534391804391,4
0.890229641415471,0.28801478770332334,0
0.4394225933428874,0.5737361287991145,5
0.5270833440158318,0.30409466304521965,4
0.530799384837567,0.3126347753610484,4
0.887548960076575,0.28241566093679243,0
0.42650970875678085,0.56909443506046,5
0.4600730727510643,0.5617028186383973,5
0.4205405245823184,0.5891179485969789,5
0.5343848668572009,0.3157793919814728,4
0.53382947357571,0.30460562196184415,4
0.8938283400558967,0.2890675952835739,0
0.5292785520133789,0.30553529332229706,4
0.7507573737711354,0.6907332120889328,1
0.5209089234806256,0.31743507070148164,4
0.9649103686834395,0.5455647721041962,2
0.7464866826997995,0.7073381983750405,1
0.4430305734396522,0.5805212781718321,5
0.4345086581966293,0.5697197856082893,5
0.44783976394011443,0.5841034040175684,5
0.43301480238590084,0.5713324935178742,5
0.9009623510771512,0.276191089989158,0
0.4781149283843484,0.5723574255352055,5
0.8933586787707926,0.30506287731978554,0
0.9037876148302743,0.2770950084022778,0
0.8942945714320222,0.282811457648767,0
0.4334633493648336,0.5795219050664013,5
0.9020870451126006,0.28198658292804,0
0.8745218302167794,0.32147315051981257,0
0.7541348660825171,0.6903030903530164,1
0.5341069173928642,0.28941500566902983,4
0.43649560082410527,0.5753506663946898,5
0.4453050533785361,0.5789562189103401,5
0.8885531378877494,0.2977494295848229,0
0.8882839332153319,0.2844696292798777,0
0.4349213527238175,0.5726489140175149,5
0.7319310667156795,0.6703292834526586,1
0.521770627977481,0.3058399103469791,4
0.4365394272832178,0.5840177104136361,5
0.9746614385508057,0.5450189107139075,2
0.8968698054725338,0.29050011407156673,0
0.5512462967093619,0.3051250833917119,4
0.5196297714098287,0.28548388708240136,4
0.4452060304359096,0.5788426828213559,5
0.7524535538286864,0.6878474544575803,1
0.8913163646326788,0.293352137229343,0
0.438521931303491,0.5752041024714076,5
0.9660324273030435,0.5569762074327776,2
0.44272352463242204,0.5718553622796486,5
0.4350522934592358,0.5927369785824378,5
0.5327023989908075,0.3084666404249785,4
0.7396239500496186,0.7039977148321357,1
0.5322888561856488,0.30817139545625827,4
0.8602416945259262,0.3066182304983403,0
0.4523227037757397,0.5815833014383797,5
0.7141453523684907,0.695985947284704,1
0.7506980173273049,0.6987639458618516,1
0.45588036236091595,0.5849981431808977,5
0.5337052871232649,0.31006976948158693,4
0.5333140513927273,0.3104665322875921,4
0.9703596384537769,0.5290686223514953,2
0.7472396318757687,0.703466616258744,1
0.8897179533385188,0.28893476169230786,0
0.5336914682984988,0.30595819745749886,4
0.534387219568414,0.30744415616770043,4
0.9806753969927089,0.558548226587696,2
0.8704867367696736,0.3152592621246161,0
0.9016753226872424,0.30565020663102155,0
0.9720427377289172,0.5516353820689871,2
0.8897139869075497,0.28770557024317894,0
0.44464060271983163,0.5763225724146817,5
0.745562014740528,0.724262975224966,1
0.9526517336051177,0.5581082962755851,2
0.6940595313569439,0.6804770975356789,1
0.5354663938711146,0.3074836833622196,4
0.8978212033824547,0.2913364313599635,0
0.4475700066449589,0.5554969873894431,5
0.7338207251480157,0.7060949907236931,1
0.5440629765158667,0.309053860985405,4
0.5147672438232205,0.31212352183062586,4
0.7821220469962691,0.6824635809534975,1
0.9583622298923592,0.5469905981699452,2
0.45087377243761184,0.5666319407301889,5
0.9004506873730181,0.2886825782446129,0
0.4528392497627495,0.5643890835768594,5
0.4358854371163735,0.5659413871168114,5
0.7505643775117817,0.6877639409102589,1
0.44361632612677615,0.5753045048938099,5
0.44434668153275647,0.5747281331703309,5
0.8782137320191243,0.2899778659666592,0
0.970276626679659,0.5726285933768929,2
0.9160868638230272,0.2852867647739079,0
0.8909881653547284,0.2895633151632975,0
0.5341403778013382,0.30659840197975513,4
0.43263294434988675,0.5848960681737465,5
0.8961365979742594,0.2737536156270035,0
0.522610031508105,0.31738984081797234,4
0.4563459441549355,0.5906179372300795,5
0.5180887280002172,0.3102232986731435,4
0.4498296815250496,0.5880774018791788,5
0.5496713413457789,0.2933706027541415,4
0.8776840205888198,0.29556756133663065,0
0.44745304549334564,0.5678733810407846,5
0.8650561827499157,0.27341097064702147,0
0.8807738381869485,0.28772586265349415,0
0.8644524513797573,0.27743188880830616,0
0.761375751654969,0.6891936721702971,1
0.4509774848977113,0.5690094058557594,5
0.44330239392610243,0.5720899804898969,5
0.44340314610272535,0.5743291077127167,5
0.4386650903842983,0.5685386942571178,5
0.8816670909445273,0.28984613766743966,0
0.7364924159013078,0.6834887184861124,1
0.8899207640776757,0.27344523216097494,0
0.7455571498255154,0.6950718479457911,1
0.740617653680834,0.6970389450688703,1
0.44908951710213885,0.5756633217780863,5
0.763618976785714,0.7050686672738055,1
0.4413449885069398,0.5833556847078923,5
0.8802967707899373,0.29161240097149316,0
0.858745515947697,0.3027613753261149,0
0.8725772124139789,0.2860432876373499,0
0.5242607151420824,0.32098219518207755,4
0.7467987756523344,0.696226579212616,1
0.44622929537737366,0.5792133470121373,5
0.45163763212306784,0.5739387278668293,5
0.879482905016303,0.28776821684718945,0
0.7420065591416304,0.7074505254879608,1
0.5384705016779563,0.31269248273995437,4
0.961174515379335,0.5432930401788257,2
0.45087823018922857,0.5743119303292414,5
1.0000200860765927,0.5626445591008835,2
0.470334311951126,0.5753016303420281,5
0.4502524624014511,0.5846142637358703,5
0.7562991718779604,0.6898670081392979,1
0.4309081664079287,0.5566886490647068,5
0.8923404027414772,0.2977093360518201,0
0.451722143464707,0.5876081504928657,5
0.5330484738569483,0.3200253967861423,4
0.962957210955265,0.5561570027792945,2
0.9648615325687447,0.5550818963904438,2
0.9718886231894228,0.5413345383402726,2
0.45491996136079255,0.5706571586718392,5
0.45532245491419066,0.5736578241921739,5
0.44880516470876536,0.5852967220134045,5
0.4512465278076701,0.5775896242415411,5
0.4465403277107723,0.5707435435851564,5
0.43691390202794567,0.5590278346060217,5
0.7662289869860603,0.7057861613913694,1
0.7335086015442581,0.720619262026282,1
0.4453510371010394,0.5730359153899977,5
0.7551999307015981,0.6782898976825237,1
0.8881089350673302,0.2645037687280781,0
0.4476798295263378,0.5712614816957996,5
0.9968078253585609,0.5531327121719317,2
0.7165854715727168,0.6721015624109314,1
0.8791614670000083,0.30766868470574166,0
0.8950719228097449,0.2953086592750539,0
0.449621843785543,0.5767206590833099,5
0.5382464270797765,0.3171074425802515,4
0.8764932797368356,0.29092269559424827,0
0.455796580312784,0.5745622100941347,5
0.44241034967153536,0.5636918735276472,5
0.8665070457905197,0.27924139675697635,0
0.8657283947904563,0.2916160068675411,0
0.5375754603147662,0.31371810879198914,4
0.977384012076121,0.5590122053241106,2
0.4546691431383828,0.6004110742662198,5
0.8589214667008328,0.28614169069817097,0
0.4573709521796223,0.5644609100984372,5
0.8675695886289356,0.2967261844737943,0
0.4624919829323126,0.5608376325080906,5
0.8870321976447251,0.3027323213081221,0
0.527528442954615,0.30041346404207037,4
0.45063393063745444,0.5775315926163584,5
0.9569884900665386,0.5397119561873844,2
0.8733218789921418,0.3360411849070576,0
0.871525101586235,0.30207479326278763,0
0.8397836391367891,0.27558602065452814,0
0.5408145610387556,0.32397093696246126,4
0.7257130641663051,0.702719702031481,1
0.8678286643540025,0.3015051971097535,0
0.5467690329287299,0.3192592992795579,4
0.891401695441145,0.2862628890119111,0
0.9047446285193456,0.29699038941514505,0
0.547135682557487,0.31247032645117073,4
0.8610084339583377,0.32014886283045507,0
0.9785195776342793,0.5632443804352036,2
0.7261167515820178,0.6978670733963993,1
0.5465880123215592,0.3173161440979628,4
0.8584596219666898,0.28811167363031426,0
0.4529342043623501,0.577534707376709,5
0.5488611558075418,0.3072282659513523,4
0.8830652477964585,0.29591581975838105,0
0.8701181855029062,0.2866351423357084,0
0.8762013905534431,0.2962065247283416,0
0.44942901772291693,0.581727631107753,5
0.5524810208117907,0.30478796051474505,4
0.44798873521476623,0.5618006361867288,5
0.8807686883216619,0.2978595018465943,0
0.7210450307304468,0.7121589475434109,1
0.8639918864225571,0.2820041240074416,0
0.873501550219626,0.30753213478484587,0
0.8680125482057681,0.29496647706997825,0
0.5457317046100897,0.3275945515483408,4
0.5341634807131858,0.3382436040177746,4
0.895004026030343,0.29763783732506033,0
0.44770088689511295,0.5692636090585758,5
0.7422045606751289,0.6860656635098652,1
0.45752395126744094,0.575094870337763,5
0.4508584322341734,0.5768907852101949,5
0.9686740104844803,0.5512633160443113,2
0.48308773260753113,0.5976003182002391,5
0.9731536613979004,0.5576613934482609,2
0.4705942338549748,0.5578507079434758,5
0.7367527702969009,0.6886542289944617,1
0.7316439071814599,0.6898998964469455,1
0.9753694190624088,0.5542620019102532,2
0.7391763224888016,0.7040660898903178,1
0.7225125141306188,0.7145076226191595,1
0.7175107788787644,0.6976585057763341,1
0.8777818930120642,0.29899149787356627,0
0.8718156977601793,0.2980751630612921,0
0.46503379811743223,0.5703435967653423,5
0.9793863085830765,0.5642247135358929,2
0.872294553806042,0.298218879677797,0
0.5483467059132482,0.31900312037936485,4
0.8880416325719579,0.2976120073860729,0
0.5236637386956804,0.33779771843075035,4
0.5547290851841835,0.30371064616323223,4
0.8523954901809795,0.3088349251357877,0
0.4631825133307279,0.5677933588005111,5
0.5392084230176607,0.31111329252299,4
0.45647891201458385,0.5811155482869991,5
0.7122856661550068,0.7012639179819032,1
0.9848063371129971,0.5686826571492685,2
0.5453893471829666,0.32020369104057833,4
0.5486387893485845,0.31835171022305486,4
0.4721049587785321,0.5836447957673891,5
0.7666701033301353,0.7003242246513915,1
0.5620727767971245,0.3249079770491667,4
0.9695349131804816,0.5613974598326786,2
0.5456694778064887,0.322824998713447,4
0.7258124261341001,0.6937826662200429,1
0.8816187436701499,0.28743771865954465,0
0.8696640187552004,0.29712518017202877,0
0.5597411870938286,0.3127979060691825,4
0.8613114288707422,0.30262372081759104,0
0.5706271992980498,0.3217931193823369,4
0.4468314785901667,0.5788055132108046,5
0.46909930422659024,0.5807914629868745,5
0.46719991386353865,0.6031973564967721,5
0.8580027221776761,0.293713140759703,0
0.4691389713710236,0.5711269875759838,5
0.4603384175913743,0.5770483952427613,5
0.869188096718481,0.2870117154185888,0
0.4637829387927757,0.5794809157711385,5
0.45890370073396036,0.576777260974149,5
0.534736279906164,0.30849194203241675,4
0.8703686312612865,0.29549381423834914,0
0.864007033324357,0.2918143331883067,0
0.5636694313063371,0.312964417758753,4
0.5458138595033561,0.300830209227974,4
0.8661789222139705,0.29645488469839737,0
0.4568927122137692,0.580423154667321,5
0.46250897700511456,0.575211706823294,5
0.4601612050721636,0.5762843316559745,5
0.5459670132462815,0.3408377053540724,4
0.870109440904014,0.30943242685739636,0
0.4574285418568389,0.5911441869097166,5
0.5444766567030579,0.3205565835614157,4
0.4624685192229898,0.5946931577873072,5
0.46355736941614395,0.5680134755152977,5
0.4729310118802337,0.5696289812701353,5
0.4623009904460074,0.5765810640951418,5
0.7373915021571971,0.7145692755542551,1
0.46301591845649376,0.5762591245614722,5
0.45400067429351126,0.5798887259474816,5
0.9605023025146329,0.5737484929704574,2
0.9700040222540157,0.5846406348716805,2
0.7209549993673663,0.7064323636005746,1
0.8706489965418903,0.2981069548190509,0
0.5421415843208317,0.3259161798860717,4
0.457010478858434,0.5758245895369699,5
0.8769175095655664,0.2970198554377965,0
0.5288824080546926,0.3341606233551279,4
0.5467372472058218,0.3271148496197514,4
0.8666049003548023,0.30115154102337693,0
0.8870577564669098,0.2953719161258155,0
0.8694638223187844,0.3009144957904565,0
0.987814136751806,0.5705203820033603,2
0.446475518970739,0.5830928151766249,5
0.8542862814367373,0.3042880841595666,0
0.579640328414198,0.33735721791220546,4
0.4696156329323025,0.5643528631913026,5
0.4643658330615918,0.5770666178709909,5
0.4630789060511997,0.5776097159757051,5
0.5469832259933658,0.32845753841448827,4
0.8577244820598624,0.2990833618019128,0
0.4666079578887875,0.5766523384952296,5
0.8784120214478041,0.31604412883513083,0
0.4729803849549907,0.589556882230268,5
0.5491076403587014,0.32626027591626927,4
0.8712049478016307,0.31850267606171956,0
0.5757524525693009,0.3047815931696004,4
0.9706481663113883,0.5768225798970397,2
0.7224767493540357,0.7061777647521054,1
0.44820729369617135,0.5580193897016731,5
0.8615039376365048,0.29717122303643906,0
0.5375991087939389,0.31657987563879475,4
0.9886650731028577,0.5845795160811438,2
0.8508241259256126,0.3152746005387984,0
0.9620134551960715,0.575134780087433,2
0.47028447679922364,0.5925202294133146,5
0.4725360073017155,0.5830894441831224,5
0.45351842960852645,0.5767288637485527,5
0.7491294817870926,0.7305327983049096,1
0.4662661742794718,0.5785452933845994,5
0.9847282018698854,0.5721665423614098,2
0.8671287343351829,0.30553623545002917,0
0.5502240413427956,0.3289843622256161,4
0.8650895305540142,0.3041865121215073,0
0.7212903940084753,0.699841591379121,1
0.8427423608864103,0.31734708387941607,0
0.5532115830501293,0.32552012123716,4
0.5731915216211614,0.30709943364841225,4
0.4690722134499686,0.5785271598341615,5
0.7318647653324452,0.6932683242036055,1
0.8515741593854744,0.2699954842317706,0
0.4589309783270245,0.5674312966222895,5
0.4650388482478208,0.5743682213691269,5
0.8590446156313343,0.30378584995257074,0
0.4834365802407893,0.6083617451067832,5
0.9808133900443919,0.5540798945677263,2
0.5535403336927542,0.32186246691534903,4
0.8636408708813624,0.3145686255951706,0
0.550432311556135,0.3125716636477101,4
0.46799845549162833,0.5735961392927955,5
0.8632645979092877,0.29847696892248,0
0.5787093859598741,0.326718796755371,4
0.8946092639004409,0.316348290077333,0
0.469252706307338,0.5777102312073717,5
0.8639245518546733,0.30294543240489735,0
0.8484028247668536,0.2821969921778222,0
0.9961550430252609,0.5622976322472076,2
0.4937056562176635,0.5518090763261558,5
0.4467513917609617,0.6005471182472912,5
0.5516557244775235,0.33277184059147535,4
0.8679428889276475,0.3005066597933197,0
0.7053917889965926,0.6900355559720388,1
0.8507007887135415,0.3014529558479472,0
0.47840238492136383,0.5721737792730374,5
0.4880757690322733,0.6068379799783546,5
0.4743674059186568,0.6059466296779307,5
0.866931537187475,0.3047369334455522,0
0.8618848734265169,0.30185724674686343,0
0.9792277339668635,0.5830423343242386,2
0.5490267822680046,0.33809279157580624,4
0.469187506281958,0.5990132336412578,5
0.8614052366680033,0.30490962422077716,0
0.8646451114954404,0.29841226541370997,0
0.46386013006321325,0.583440846683701,5
0.8639552603792705,0.3089659099724033,0
0.47819728675787027,0.5910087407393183,5
0.4823183851126596,0.5526167295392952,5
0.8564950816478909,0.311306993047233,0
0.45821012189290844,0.5713942081784692,5
0.6939835788913882,0.7003416887673074,1
1.0068050247841869,0.5633408844579224,2
0.4686309922039418,0.5776855883501447,5
0.47601058279815195,0.5867307892397401,5
0.47494838356710617,0.563268190972036,5
0.8611093982229321,0.30758935484860317,0
0.48115796949650325,0.5970092465062727,5
0.4623456999236576,0.5802035211306078,5
0.46731449034485545,0.5836158754878854,5
0.4708922188460937,0.5731859966061513,5
0.4760501802343329,0.6091813031846661,5
0.5534004013813546,0.3336514553749227,4
0.8494326946552321,0.31104325851333897,0
0.723488250663445,0.7012671439452517,1
0.47762074867516396,0.5726759401416192,5
0.47692794907625324,0.5730532857646788,5
0.9859407467874927,0.585594280987919,2
0.8606202122265073,0.2917342375748597,0
0.8572153276816173,0.3105526896047021,0
0.5425705451158525,0.3261097117221153,4
0.8591715449185777,0.30821184113698824,0
0.558817595753217,0.3208683911627059,4
0.4628099856717193,0.5831370410610289,5
0.4645565314193434,0.5735913845377092,5
0.568997841482442,0.3237300189924412,4
0.4806165358447747,0.5841183808491747,5
0.4740066397410504,0.5780881435119258,5
0.5547124824764776,0.33475437907183747,4
0.8519961232975742,0.31626749782226743,0
0.47686336983287286,0.5756392335648335,5
0.8580035507283573,0.3078289220301098,0
0.4696856159792606,0.580213985367655,5
0.5622867529390924,0.3369338671439507,4
0.9685475411958041,0.6014473672829664,2
0.46672879104931314,0.5721436656337895,5
0.7389679368661598,0.7063076535284323,1
0.4703587380519051,0.5783027110487505,5
0.5693859946564441,0.33479591409586684,4
0.4725967251818471,0.5746931062927061,5
0.5583982962653005,0.3311571810006761,4
0.8555649397624949,0.3109997315268553,0
0.5865660948568046,0.3381010261937118,4
0.8737802066624825,0.3274194763223851,0
0.8611637880960515,0.3012519737044558,0
0.5601064162383654,0.33263321849995087,4
0.7154553469469239,0.6982770789356886,1
0.4583358667160112,0.5887096185206748,5
0.8736935182176182,0.2992057055631529,0
0.4890243571090374,0.6231215760074276,5
0.5607135720675805,0.3301066428780479,4
0.8380091226977838,0.3195030678921284,0
0.5623594454443338,0.3309523609892297,4
0.8668039556746822,0.328286836122728,0
0.5626540760899666,0.3290307404056457,4
0.8692091249524487,0.3178719234789976,0
0.4876681277539556,0.5803877432358252,5
0.7040109923002945,0.7130765677246192,1
0.4725159665518695,0.5697506449281323,5
0.4853739466471004,0.5827805004466367,5
0.689208665466801,0.7056611082956147,1
0.4615882111274254,0.5907539317788619,5
0.4749088928050692,0.5748635324521364,5
0.5592883734634473,0.3371109170572864,4
0.8617031402658194,0.3125463567745297,0
0.46870434591463866,0.5791449049035633,5
0.8552120784778519,0.31094087095495077,0
0.7050681116759151,0.7083457722454544,1
0.48273962222528044,0.59245022198247,5
0.8585035049740019,0.3094536215149587,0
0.5326610975995018,0.34849287448651145,4
0.843838081483491,0.32173307190418593,0
0.8648805481150772,0.30703332119046906,0
0.48292223620459657,0.583914808542007,5
0.8570183026814993,0.3144299054307855,0
0.7248046648281681,0.7367569397942721,1
1.0107276904527098,0.5932269122948814,2
0.49286452042500545,0.5648556981058154,5
0.8558020984792748,0.31226170113152724,0
0.4814802762617435,0.577513213500137,5
0.8489178651429997,0.3139680707404543,0
0.9909545028545532,0.5808241424293188,2
0.47717659883729097,0.5618996592008918,5
0.4841936043530371,0.5735423771364075,5
0.8399042554657303,0.2828789096434373,0
0.8611927776350057,0.30359601784723017,0
0.5555797169609064,0.33926987053449437,4
0.852210837589651,0.299480083865006,0
0.49007876198506145,0.5966219609316687,5
0.8403778149007625,0.29102813449377984,0
0.8441077975905015,0.31820884035917735,0
0.47471065145868946,0.5848120515123545,5
0.8596820279002079,0.30687320706517596,0
0.726576130700476,0.7178953409125414,1
0.49111473412607787,0.5729077672647587,5
0.8528365733650259,0.3221889236295273,0
0.9981004093181969,0.5885018084157739,2
0.4874480126043689,0.5825459007709237,5
0.48112478356834876,0.5797862024543463,5
0.4868282636566263,0.5818810596990435,5
0.49885276879612833,0.5803693227843818,5
0.7187716043278347,0.7060744829936243,1
0.7064117877572245,0.7004814232125958,1
0.4716539125030902,0.5664713010818069,5
0.8619910907328928,0.31896595260985766,0
0.8611164480248087,0.33113856447776263,0
0.48078206472242246,0.5778012552706937,5
0.48971372406826486,0.5777469318596492,5
0.5792546316132108,0.32841863948969574,4
0.8597579173456528,0.29799915897759316,0
0.5655105073257293,0.3375447210499049,4
0.9784365712699653,0.6058143204754967,2
0.47519392344473266,0.565081356034118,5
0.496595841291177,0.5904003719036005,5
0.9709982689821619,0.5961051030595059,2
0.4877777908937619,0.5751112645076125,5
0.9923223408918154,0.587197412945857,2
0.4852717342627993,0.5784387565027015,5
0.5697056566713843,0.3373886056383955,4
0.8624976379099017,0.3094130240706588,0
0.48066623401207464,0.5707096293421147,5
0.48810195035994486,0.5770705400908901,5
0.5799752080622375,0.3379831982092744,4
0.5693363511189096,0.32218225766899067,4
0.49987936355550433,0.5925985195704734,5
0.851345346485782,0.3251938936903317,0
0.48199915029879015,0.5806721407625793,5
0.5646577836696789,0.3356185041566452,4
0.9915244722451483,0.5768487116111607,2
0.7100908123931837,0.7348600721432571,1
1.0037326475396253,0.5756243693220542,2
0.4806344871688451,0.5871798996199309,5
0.7116882998038296,0.7071967421528034,1
0.7075390192870613,0.6959863881868883,1
0.48558618718326196,0.5708407320444437,5
0.9860064485633149,0.5846203364013017,2
0.48405143831773345,0.5554144001415173,5
0.9731398065128866,0.604906358662114,2
0.47792079967457357,0.5751685276829764,5
0.5759684536833046,0.33700705391023084,4
0.5498415815935283,0.34505216716611004,4
0.8497735836941439,0.3168860304957175,0
0.5543133430115394,0.3513766274396317,4
0.4883635745992321,0.5882597497452171,5
0.8362956357971868,0.3321830887290001,0
0.6751446393818984,0.6871569435770388,1
0.5628946148889304,0.32026281539832946,4
0.6985764317726632,0.7040274429420434,1
0.48842672772740403,0.5809837356564125,5
0.8699953265962999,0.33201422377874834,0
0.8287151584887349,0.3348824788150433,0
1.0030173974673042,0.5925582629395564,2
0.6888448167804758,0.7047365524025428,1
0.48914520489516694,0.5613121058170434,5
0.5014177462720837,0.5912156016713079,5
0.5777078241961348,0.33891839920347744,4
0.57790020002895,0.33919036315393425,4
0.4950062750566677,0.5775968721003206,5
0.46701127832958356,0.5886769717368131,5
0.9929785820825671,0.5923896280062839,2
0.4912344665849464,0.5685765275897754,5
0.5069949673937908,0.6028807983678893,5
0.9968775786107357,0.6048515881490993,2
0.4972544144084968,0.5613693528054121,5
0.5697498846830873,0.34135456739941156,4
0.8543420245498167,0.3255120888208815,0
0.8319516588271259,0.3024672492817291,0
0.703387375970986,0.713867738184836,1
0.7068620290954126,0.7170416786030717,1
0.48701981548829065,0.5778017254245543,5
0.48644229405028866,0.5777103506943817,5
0.7051326274180845,0.7051252880397326,1
0.48059440378201584,0.5649178642515529,5
0.6736939926653828,0.7141067969856398,1
0.99881716498768,0.593845421640726,2
0.8200773146771181,0.3426764482782068,0
0.48200157456498016,0.5734456104250606,5
0.5707627925821066,0.34037039503589733,4
0.7204604910566268,0.7049339772060706,1
0.8451381382296632,0.3159283792730744,0
0.7047715342063191,0.7002569795903175,1
0.8539312936619078,0.3237344864218164,0
0.7019723581852121,0.6826903689146477,1
0.5038182215543753,0.5778075954795682,5
0.8335470937210953,0.3197692482130645,0
0.552483284130965,0.31782828198955043,4
0.6952772511356199,0.7134010320765174,1
0.5073356035071079,0.5691679180723892,5
0.6800938271279263,0.6812001245246424,1
0.8463458400877201,0.3283261054052311,0
0.48348015250478465,0.5816366987437361,5
0.8385493215433275,0.3077799650717565,0
0.7131212089747798,0.7269704271186238,1
0.4920759533899281,0.580088838961648,5
0.5802481159364256,0.3342394286964393,4
0.9975694940032118,0.594622323296382,2
0.49412736202648416,0.572151450463923,5
0.48300231915289255,0.5761879401684531,5
0.8404159565218782,0.3161256037366943,0
0.849509317247064,0.30264577096677253,0
0.4986178474528409,0.5857828019915424,5
0.846099153611424,0.3180535517556483,0
0.8576374603287062,0.3287948528111793,0
0.9768176068423735,0.6060141953599603,2
0.5641637557563304,0.33588424823544766,4
0.8557291446016443,0.3177143135129842,0
0.4864364289038924,0.5918864582868224,5
0.8503121004124444,0.3053193850073855,0
1.0004158223208701,0.6025351205848297,2
0.4791321784688129,0.5656841013912559,5
0.56968070626493,0.34430878056827025,4
0.8374956585692187,0.33253235920722624,0
0.848682387959104,0.31911969273638807,0
0.4871766625825353,0.5740767274601819,5
0.8508615011779824,0.3137817676511867,0
0.4877189568049975,0.5900897953771028,5
0.4976103793191878,0.5898349394440322,5
0.4972616515202166,0.5806225572970853,5
0.8556009393004029,0.3198985160066348,0
0.5618577094557907,0.33976611833140086,4
0.8450080007491433,0.31171974721059925,0
0.569730039793655,0.3481664136028362,4
0.8354304609507162,0.29681863103693873,0
0.49865177846211073,0.5789698669124577,5
0.5856302080437663,0.34497015849567725,4
0.5003420230549024,0.554002845930826,5
0.8459474431135809,0.3185377815899681,0
0.8490630428636818,0.314755574228045,0
0.8495305975861283,0.3242600763106674,0
0.48952138687974933,0.5816082154528718,5
0.7006277474887634,0.6995741761992398,1
0.5092557550843376,0.5649274004282806,5
0.48476533231621355,0.5823424088804332,5
0.500124487832563,0.5717270260013383,5
1.0010816687434236,0.5741622975746847,2
0.5068704305864818,0.5691655679488642,5
0.48795600413441126,0.5818996153698358,5
0.8448015404120918,0.32083671785919615,0
0.6959191974929366,0.7087482210772529,1
0.5673894389756646,0.355421262878713,4
0.7070512195219585,0.7086552246317432,1
0.841651818881923,0.31317207049453366,0
0.8319722248332275,0.3318829902526833,0
0.840603899680804,0.3262182891908359,0
0.8432061939752243,0.31793425382657714,0
0.4881766962494305,0.5524846554467369,5
0.6888886989712817,0.7199818315365099,1
0.7125504141438558,0.7144767510355169,1
0.484678431168742,0.6036004681907103,5
0.5038775146466878,0.5804304464139178,5
0.5767812430094842,0.3507883626583682,4
0.8388458058878776,0.3094047616804305,0
0.852020885175407,0.31251572084893653,0
0.571360954755178,0.3609399130793826,4
0.6711143539401894,0.6878623747978151,1
0.49864541959983577,0.5718393177068303,5
0.6918305807686784,0.7090793492099803,1
0.8577101171092486,0.3079670988139825,0
0.7165858611923469,0.7262682381604508,1
0.5632575350480923,0.35585991792197347,4
0.4883246519368978,0.5851496906705529,5
0.5918670005230261,0.3326753497850577,4
0.5036881471444822,0.5809284171454522,5
0.5791517826100906,0.34105891700005164,4
0.5016252964829326,0.5626980692992289,5
0.49402708592524086,0.564329283301264,5
0.6731847047175664,0.6798587903309767,1
0.8436778035032714,0.3236433742082839,0
0.4981818031325902,0.579894987898943,5
0.48818031433620057,0.6038442566370346,5
0.50050687301252,0.5844237986921182,5
0.6889001227442866,0.7233675623252811,1
0.5012497651610262,0.5861023131305434,5
0.4717624159823574,0.5739389360079962,5
0.566969267838349,0.3299679172757302,4
0.486110330329206,0.5731236852763006,5
0.6910223526150788,0.7075434098783161,1
0.9981090506856607,0.5995917464471584,2
0.7012273688342727,0.7279546087161279,1
0.992806440207052,0.5909178851441365,2
0.685165781897725,0.7047755438664924,1
0.5107093004199988,0.5817170249470626,5
0.8287259977163115,0.30909198461215753,0
0.8528021627822316,0.31247934187424004,0
0.862403942925649,0.3175727448210616,0
0.5852586448895174,0.34132068487061407,4
0.8262314061131597,0.3232479576482937,0
0.4988538870798343,0.5796373418905394,5
0.8372938254819966,0.3232323024441832,0
0.5841794682797801,0.37303906030394207,4
0.68094870246968,0.6914265477190354,1
0.8272377748979703,0.312297704986677,0
0.5884939026187852,0.35912334598337936,4
0.8375267186878109,0.3202654037882531,0
0.5069238730053908,0.586577829985736,5
0.6924149904065416,0.7010703278318033,1
0.8380820950419086,0.3248685558273367,0
0.8359807182677647,0.3121155821387341,0
0.6763227263061018,0.6902966265135131,1
0.6865998094908963,0.7107126244051728,1
0.506973919034728,0.5801131000821184,5
0.9734842825996832,0.5972388220569357,2
0.6710429987631137,0.7261641401091755,1
0.5736198271142855,0.3633225470709782,4
0.5814234073299576,0.3568563512648759,4
0.8414283131444298,0.32372529199435757,0
0.6954476280689837,0.691341942306136,1
0.522412050103171,0.601272358729924,5
0.824066238097815,0.3127562082260682,0
0.5120869891332626,0.5767549912792679,5
0.5086752970389887,0.5842839673599599,5
0.4938252491537517,0.5808608815301958,5
0.8634006726942877,0.3135024736766269,0
0.49968042313782296,0.5679952673364128,5
0.8290646349159114,0.317302229786771,0
0.6737006616338226,0.7057014045093152,1
0.5625173800577877,0.33259001902303376,4
0.5648081534549764,0.3561907758226903,4
0.8561455399309532,0.3231509584774947,0
0.5702288463358144,0.34384059663292516,4
0.5010732339263781,0.5832065279781248,5
0.5069463804218741,0.579473395069544,5
0.8286290289375895,0.3208968021862603,0
0.6857714982808539,0.7250040959572284,1
0.8306571050037267,0.3346719112815258,0
0.980300092870859,0.5898904530274766,2
0.8262709336646527,0.3252237938149248,0
0.5827048755262232,0.3499235541202591,4
0.8314928213411497,0.33008320261318,0
0.8319671147708619,0.3187743837973102,0
0.8401390225579878,0.32314078951155506,0
0.8429883405850286,0.31641313405482485,0
0.679612049263345,0.7128623187210501,1
0.8236863383619655,0.32584677129949985,0
0.5002525563812482,0.5854006820197164,5
0.8426336708210127,0.31946769283552173,0
0.49638984272943965,0.5914647411349625,5
0.8332962876609047,0.35002189255503285,0
0.8369068683002042,0.3307083929106548,0
0.9751230842194862,0.6145960125248883,2
0.58078193199283,0.3480155031357967,4
0.5016410346165167,0.5826977470632376,5
0.6945417226918885,0.7102587015111499,1
0.8311315163974771,0.32817904711411516,0
0.818055373553617,0.3394488834642928,0
0.8300967858260553,0.3104811344431995,0
0.9898755902956263,0.623324861207703,2
0.8358400823050035,0.3297281955581563,0
0.5059264291447947,0.5808070665980452,5
0.5112281223458036,0.5804324993494788,5
0.5849208510657575,0.3497122256859827,4
0.4952983175117213,0.600982343744632,5
0.8248068060671829,0.32728614352432134,0
0.5069569370712514,0.5808580150410699,5
0.49941582813450935,0.5918192566796019,5
0.9864505106680198,0.6201817432934327,2
0.48643792458212554,0.570167021281425,5
0.9891191960951518,0.6044720571323936,2
0.8302934163017411,0.33035828397117045,0
0.8231260756113938,0.3341984014266051,0
1.0011124101246194,0.615667667642799,2
0.8438864430586577,0.34082750558188724,0
0.501655014698857,0.603491320416971,5
0.705513397377673,0.6796589668866586,1
0.8311609947927407,0.3283299130836821,0
0.49078469680652725,0.5769879113626505,5
0.5881811150776122,0.3468135939461317,4
0.8439160617329677,0.3411091805403778,0
0.5137331410308281,0.5775687880521805,5
0.5090315269458374,0.5799422751110587,5
0.990815817261891,0.6044194861622545,2
0.5846190005702896,0.35957097564925405,4
0.5059513197953176,0.584214019343238,5
0.687718950517769,0.7126904864065536,1
0.810006448980146,0.35048273291739124,0
0.8498429367748029,0.3093793418251423,0
0.8310123489326863,0.32320764457509144,0
0.5660439854227229,0.3342952604758512,4
0.8280221873621709,0.3136092482413861,0
0.5809689833646037,0.3513328122087523,4
0.6736005182696493,0.7167767281616165,1
0.8215396807481213,0.3338758651091536,0
0.49969113765007106,0.5716633068693057,5
0.5970188868701769,0.3581613269354802,4
0.6761807492797487,0.7158403302958645,1
0.6830271074314466,0.7105838269978854,1
0.5966036838863401,0.367173352734157,4
0.8306277536596589,0.33027338771375864,0
0.5963635465694433,0.34414699791360687,4
0.5175311794952756,0.5834120703538594,5
0.5103802784965197,0.5822235184688233,5
0.8432647001336454,0.34955607263248806,0
0.9984082917641177,0.6093846839106348,2
0.8479948080163275,0.31476468587361034,0
0.5228710440008528,0.568555745517018,5
0.5125259201214597,0.5823089692384433,5
0.5746853634994024,0.3589490751166381,4
0.7141375680255092,0.6872580050293082,1
0.5516138074032696,0.34646772298156464,4
0.49314330739129464,0.5967477478010637,5
0.8220482726112319,0.3397712873718927,0
0.6073339187037448,0.35899811365123624,4
0.5125238143732226,0.5864664905787969,5
0.8218276092114843,0.32916153838001777,0
0.8189582377963561,0.3262167791820344,0
0.8422983781517872,0.3383060402055729,0
0.5114971523213312,0.5924092436804897,5
0.5799117850977542,0.36208776301045065,4
0.5743526774372067,0.3387201184936224,4
0.5088711545388916,0.5811389959952986,5
0.8396874619545799,0.3509731963356372,0
0.5103224106828222,0.5784180877095705,5
0.7113078037263416,0.6908277408105374,1
0.970453023081877,0.6042422512969865,2
0.8329066980107092,0.3288238533116916,0
0.5186452448272059,0.5771647353307864,5
0.6792652153257094,0.6889334930564482,1
0.5124395479454774,0.5758898183012734,5
0.9900548050977606,0.6133600059755987,2
0.6057189868692751,0.3486515941537118,4
0.5796958217785569,0.37354268785804673,4
0.6947555477141741,0.7009488906637166,1
0.5153140562953508,0.5816014022918514,5
0.5115703789918208,0.5855935011383637,5
0.6090540714780301,0.3612002329056966,4
0.8303238711495566,0.34663538359656454,0
0.6010617961272606,0.3614028586455668,4
0.676594539827548,0.7197895074414179,1
0.6022620688142585,0.332541146063329,4
0.6724521287329609,0.7142035980238928,1
0.8359170690399045,0.36338897475547505,0
0.588359895011296,0.35639171588624374,4
0.5469642678788258,0.5803314916189037,5
0.5197946885118606,0.5762191465609072,5
0.5260192083992441,0.5716854172192256,5
0.9832678460857239,0.60252551001905,2
1.000595022080412,0.6116846806489356,2
0.8217590667519771,0.33537032929801786,0
0.5835372844887509,0.35408900633536217,4
0.5493873045626554,0.5890549715463204,5
0.5121113895317131,0.5786324932185356,5
0.5165902189662989,0.5801911814667683,5
0.6950012288094687,0.7168137338436159,1
0.9838112250924375,0.6155887180674843,2
0.6767335616004175,0.7121288526632383,1
0.5145872206746782,0.5759694029438935,5
0.5878291822799812,0.35598636657690585,4
0.5875727512368218,0.3595904498711534,4
0.824760049190653,0.332391627343555,0
0.5857944241617017,0.34833253733698305,4
0.5715480379579646,0.3428321180643742,4
0.5271727947953907,0.5911425417914012,5
0.5119974078355611,0.5917032115505572,5
0.8355209207992207,0.324806919323971,0
0.8284336031450843,0.33430837425614934,0
0.5067232224621678,0.5771197389284143,5
0.5167876590484478,0.5813242985027287,5
0.5257689111395119,0.5914266882094246,5
0.8196329233794006,0.3411466470708036,0
0.5895721274218411,0.34779072090292495,4
0.8229227591097484,0.3460097536256889,0
0.5183586149815184,0.5817530903944071,5
0.6807307567200236,0.7220938574339562,1
0.5184797857534846,0.579777111256229,5
0.8285663947604753,0.3192090668550518,0
0.5306380463844057,0.5774502160791722,5
0.8157454991108849,0.33886658853442686,0
0.8399468548131399,0.3475711936969007,0
0.5921806163728849,0.3594553955732362,4
0.5247042946619185,0.5830392808231751,5
0.8188038930941881,0.33872625208607143,0
0.5183341336189058,0.5582489192465336,5
0.8449773929519893,0.3199044464750869,0
0.5303554127835106,0.58990010817971,5
0.6796678315911395,0.7247658746631838,1
0.6413594555895095,0.7040237731238645,1
0.6740184779471047,0.7124313326100794,1
0.5000619449854057,0.6015969874405807,5
0.8319623986243128,0.33356382678889274,0
0.4986262625006305,0.6005694747849839,5
0.53618934075299,0.5794431090974558,5
0.5139968953184354,0.5799012050630157,5
0.5357731213402157,0.5928882383031948,5
0.8229734699727559,0.34994635775129684,0
0.5925327854209425,0.3609608088738657,4
0.5291823524479699,0.5829071731764917,5
0.513069721180842,0.5891907128255554,5
0.5321194885659215,0.5715469552029746,5
0.8212524091772864,0.3357977337707673,0
0.5121721071346654,0.5826444786591459,5
0.48277514083372,0.6006810381047214,5
0.5203536583371052,0.5656279158157443,5
0.8162401083366477,0.3434623140507223,0
0.5092161392953914,0.5840446544012324,5
0.5260916234697124,0.5849685502061774,5
0.5166108536227393,0.5761739470048527,5
0.5300187051889363,0.5855665140993274,5
0.9946507589434282,0.6061321775074417,2
0.5340722751815586,0.5720157076399867,5
0.594219860522502,0.36184176842600196,4
0.5355283584251758,0.5630577338324477,5
0.8206182538016212,0.32083314721956613,0
0.5914780134669414,0.3506274739617285,4
0.819808960742501,0.33894797420491113,0
0.8184592218690985,0.3423048236132529,0
0.5219902283068811,0.575886967696757,5
0.6143688144661377,0.3619841164895491,4
0.9885234615985816,0.6058356929367903,2
0.6477733252007118,0.7239160340045664,1
0.6532441218766509,0.7040273418506474,1
0.6555851101081805,0.7162349201709955,1
0.6735578566486324,0.7135086876991161,1
0.8437558023080657,0.34130850954139996,0
0.8134051768021622,0.34417676728999147,0
0.5236788151085014,0.5822580183909193,5
0.8212440429370835,0.29567808536509477,0
0.9767580373541812,0.6289544557363745,2
0.6065817965662359,0.3741949932999157,4
0.5249401059115331,0.5835129101245351,5
0.534581346792651,0.5823504472895346,5
0.5198983758543482,0.563447516131587,5
0.5218864094509786,0.5845820890602419,5
0.5930255027126344,0.36527519888837745,4
0.8203796168208792,0.3366853991318934,0
0.6570384475337783,0.7375418309811793,1
0.521826934539609,0.581728572534101,5
0.5266239378497696,0.5775250627158668,5
0.5938832522391275,0.3661137381314848,4
0.8226612559792583,0.345403279585183,0
0.5196178506210793,0.5923779373899636,5
0.5285311033354224,0.579635146066219,5
0.821466713461352,0.34236917554416135,0
0.6138112932714423,0.3641154512213813,4
0.7942638205035241,0.3417137676773046,0
0.5365980608814217,0.6220980746979221,5
0.7975448734004962,0.33060165285050847,0
0.6002692861688249,0.36523302363197835,4
0.5270963842637932,0.5894122603902718,5
0.8169438270921088,0.3376721386275408,0
0.5971694562534354,0.3623965831324248,4
0.5973428118080685,0.3631925318669897,4
0.5436685874143216,0.581268888257624,5
0.7960721686804385,0.3324760238850456,0
0.6040478271224871,0.38010371967962475,4
0.5910619490200516,0.37348902241298504,4
0.5262948230715534,0.5840278395037718,5
0.8108230823638154,0.3543400777986948,0
0.6608398196721124,0.7130998851489283,1
0.6747492622908566,0.7229334253431305,1
0.5420896109567201,0.568585980895234,5
0.6862851544557742,0.6963665471604416,1
0.8236719602378083,0.3356203196743216,0
0.5223491114817281,0.5755780988814664,5
0.5989689126419951,0.36357249548237797,4
0.5001518754401931,0.5968313034253045,5
0.524940733231438,0.5778678935561856,5
0.9950077071126425,0.6281082477907096,2
0.8182981861540923,0.3169331510719651,0
0.5927781415268654,0.3791397157989858,4
0.5240182800731774,0.5866699599550729,5
0.533066532354211,0.5787014520833433,5
0.8261428860949596,0.33095397911966384,0
0.5290135262807024,0.5925733111709276,5
0.6582842482531577,0.7101480957842377,1
0.9776836528486627,0.6118638106179463,2
0.6117798770598766,0.3613484148939806,4
0.9859509570602297,0.6250630160977577,2
0.595196577620829,0.3899248747669571,4
0.520206308872674,0.5854237424563792,5
0.4982390576503227,0.5787615051884911,5
0.6577573189254038,0.7255517275131921,1
0.8308850294363991,0.3180021914181102,0
0.5296729446901834,0.586437652620691,5
0.8146291612114762,0.33899008576769424,0
0.5999798498642201,0.35874551340782956,4
0.5466152709232475,0.5587573526142234,5
0.8181804562856051,0.3445528640214464,0
0.5945250878294779,0.3824146335411587,4
0.5270852752349965,0.5908739908113827,5
0.5225125817916836,0.590767040091883,5
0.5238148899648176,0.5849866237517732,5
0.5135392859407897,0.5747011726329868,5
0.9740063305527177,0.6113066246847906,2
0.5317501783269654,0.5828665133739658,5
0.8146636887868876,0.34257655057717085,0
0.6019177977932114,0.34948146637565125,4
0.8108097392849744,0.3382953998306931,0
0.5303306312200325,0.5821594369932284,5
0.5374056375395136,0.5801163345096684,5
0.8181595643059241,0.3391610718964925,0
0.5330420175273716,0.5835799888080131,5
0.651803079996775,0.7233621279031315,1
0.8112527361370193,0.3358930557290278,0
0.536910893719933,0.5767115196215247,5
0.6469371230171924,0.7001243044825582,1
0.5233767143757312,0.5752611063621158,5
0.8051090321901252,0.3319004661993692,0
0.5328204722368226,0.5775572700418952,5
0.9825574786203084,0.6435245125766708,2
0.7996227793971077,0.3547665501170673,0
0.6552506733915603,0.7239413756300531,1
0.8025795271225509,0.34830116469907735,0
0.8234748437253956,0.3579489985312566,0
0.5318155966237211,0.577821192523406,5
0.804212073086123,0.37018468921735564,0
0.6058002977793324,0.3796458471843224,4
0.9856011225575628,0.6254518786362759,2
0.8129000811324538,0.3570455278091039,0
0.5274976159902742,0.5780587537056072,5
0.7926699714946035,0.34736102375905425,0
0.6214846845468335,0.3713406146558983,4
0.812394815071125,0.336501543004619,0
0.7914696183481478,0.3434405863173155,0
0.9922785304059374,0.6431438575935685,2
0.5435895048275116,0.564967299020602,5
0.6541787121581784,0.7151288597437246,1
0.5099796370021099,0.5942742200912146,5
0.6672675384713709,0.7191411022220953,1
0.5340370606110483,0.5791367730361789,5
0.5999519151718773,0.36085289581388,4
0.5263137294489472,0.5906847726333825,5
0.8080560919268067,0.33959288408021365,0
0.9860687337650169,0.6277759768370003,2
0.5252505239093311,0.5898630118519966,5
0.9951694251036677,0.6434204588833424,2
0.8006958092893147,0.33110619734157337,0
0.8045997352879761,0.383599341746636,0
0.8062470660270047,0.3560146785597069,0
0.5270815766150159,0.5962158256850507,5
0.6826392404656358,0.6957222458508017,1
0.9757562939618057,0.6423290274132778,2
0.5393929628326868,0.5860540193056641,5
0.6871270259067089,0.7144674760658322,1
0.6530187442745367,0.7179783562104372,1
0.6498146935579335,0.7173566078679937,1
0.5620160012527775,0.5951820371622505,5
0.8142822012235164,0.30975368430497185,0
0.6746870497688539,0.7055852155844851,1
0.5515572950551061,0.581150017017121,5
0.6674551525963941,0.7423557278827143,1
0.5351192913795976,0.5806799819666613,5
1.0023271929589987,0.6511183712396431,2
0.8070552888034159,0.3410546132625081,0
0.6039799738984278,0.36108546482180737,4
0.9842282324312243,0.6526369374050227,2
0.5430307744707294,0.6095726227517966,5
0.4890897390599949,0.5925223333197843,5
0.655730997367964,0.719781950615384,1
0.8071083362356223,0.35944773029344895,0
0.6044119858939433,0.3712275170787124,4
0.6618347305692227,0.7175338385276233,1
0.6074920334293121,0.3717206387147719,4
0.9975107484030644,0.6359357305859399,2
0.8126866159294541,0.3646526577566121,0
0.5285623770347097,0.574237877725104,5
0.8091117031999242,0.36854368226256273,0
0.5332679766561221,0.5760306853535373,5
0.8067637421365843,0.3515358551837575,0
0.5504336365116087,0.5797146304049894,5
0.9813460255330885,0.6348343768237675,2
0.6086099657118277,0.36868330061327353,4
0.5279532964005017,0.5801367768877027,5
0.5344291246689294,0.5857204934878066,5
0.662721672666946,0.7355051786460393,1
0.9668289336867625,0.6446594192886331,2
0.543183947899458,0.5835669505434635,5
0.7942434137124872,0.36933847431081474,0
0.5418413104256953,0.578642841420948,5
0.5173741030625076,0.5964287165660783,5
0.8441075049072542,0.3339957037465465,0
0.9786428007143395,0.631125134242175,2
0.5312777336750395,0.5982157906187573,5
0.8136996834300679,0.3465519163882819,0
0.9931588831158086,0.6609387721294497,2
0.9835670359828225,0.6507452418698995,2
0.6071059116615841,0.3668498286682249,4
0.985767157456862,0.6283397543853863,2
0.6429900449933402,0.745137714682404,1
0.5326671773457041,0.5743009215739308,5
0.5434971612167132,0.6045792017352433,5
0.5558167876834672,0.561305436479532,5
0.809979142334176,0.35683323399163586,0
0.5408631509975687,0.5846562545946166,5
0.6264582533822453,0.34744673336894477,4
0.8208589918914584,0.3678999917281831,0
0.6336354022536849,0.36904837601618407,4
0.5468304659066792,0.6000831842261873,5
0.5297884223233961,0.5629581804812481,5
0.6360577350886641,0.37920731639478256,4
0.5346006434610362,0.5807847255004673,5
0.8088249905103302,0.34754662384645074,0
0.8041606632349303,0.3572277048677551,0
0.6124794555743737,0.3623674650880463,4
0.802955693872457,0.3496907888652986,0
0.6107773898320769,0.37295932958604533,4
0.5382265995397227,0.5832468442278254,5
0.6296729912754,0.7033408259132635,1
0.5589638733980904,0.5720671361646765,5
0.5435222473497998,0.591345516749454,5
0.6130391606046282,0.3548938380092768,4
0.9693775997500317,0.6363141499510341,2
0.6147921744641246,0.37096483672526454,4
0.6523799075322457,0.7235065729928893,1
0.5481938737358413,0.5846211474378513,5
0.781926518318635,0.3454332550947837,0
0.5416671408801116,0.5760495139669806,5
0.6497604683160494,0.7459411478408856,1
0.6508367723370208,0.7201711628052171,1
0.550787224882238,0.5961795058053689,5
0.6109333660523146,0.3710913672905266,4
0.6078784240808242,0.3751882184387812,4
0.7973099591810049,0.3463043034020981,0
0.8108903938182205,0.33760553408979016,0
0.6500015703378454,0.7197676865013358,1
0.8036046302299097,0.34586157970716225,0
0.5970523032010662,0.37171313700187314,4
0.6532544142775952,0.6974827846053288,1
0.7902517240840634,0.329731238143894,0
0.6157374049478395,0.38098209287115237,4
0.8202964105221666,0.36091373004554367,0
0.6380451198835377,0.6966436879556094,1
0.5245813362322898,0.5888139688988512,5
0.5945963782956011,0.3892953324203906,4
0.5485253997031047,0.5844076478689422,5
0.6169796810587134,0.3710431212980779,4
0.6146331786482427,0.387104178360239,4
0.8125806932599077,0.3493806504040337,0
0.6248810108603535,0.7309270044093988,1
0.5460906163092899,0.5879758962017765,5
0.645237399094058,0.7217582422889818,1
0.5706847234731929,0.5976781326897571,5
0.8087270778089366,0.35237494041163164,0
0.9680950576952364,0.6289105494717793,2
0.5595618372762479,0.5841903615128407,5
0.6232244929534541,0.7050445748011982,1
0.5461990132016691,0.5805520237401994,5
0.6275059573138675,0.743444781527819,1
0.5944610426077905,0.3705901190262712,4
0.6092089211804093,0.37777406772672373,4
0.9796877117327387,0.6529825638222226,2
0.6099559865027132,0.3782969733069549,4
0.9702692946948471,0.6312539119495628,2
0.5826679060222045,0.4015540412431662,4
0.9764949773605027,0.6339185162819168,2
0.6584670260235284,0.7348031220741025,1
0.5470805495699588,0.5875070662807167,5
0.5492109858182742,0.5922287237569372,5
0.6114000337586053,0.39143957644701477,4
0.6270353640279425,0.39927129481451323,4
0.6189030963136815,0.37252637901441166,4
0.815951940882301,0.33736755755944553,0
0.8171461590637311,0.3574382622911389,0
0.9920686540358671,0.654850405471059,2
0.5467487032482254,0.5900081487979282,5
0.5441516365635145,0.5854212570794747,5
0.6175059606610622,0.3843857877276781,4
0.6145731734192802,0.3687339417701956,4
0.5428580009286824,0.5861937062574957,5
0.9808877196183491,0.6572197823443762,2
0.8072899570263887,0.3589980256480839,0
0.9761896448010015,0.6468001452247523,2
0.8012397712877555,0.37274667891915964,0
0.6485576060339268,0.7652576209988289,1
0.6129400318672542,0.385009367089233,4
0.97672038326387,0.6436310189956534,2
0.7946641118651552,0.33979378737764304,0
0.5446193190813908,0.577847102239385,5
0.5350518049491408,0.5748718643208922,5
0.557219920648495,0.5761352272734063,5
0.5726658498988559,0.5880859310775306,5
0.5528789844410925,0.5803796232592018,5
0.7889975013818338,0.339659876327489,0
0.6203967050359569,0.7172477399897295,1
0.78375223180418,0.36098510119836147,0
0.7783683037331491,0.3598901819644433,0
0.808495107865668,0.36201992175545455,0
0.5942045580234016,0.3919306390076172,4
0.6233971240535534,0.3751963091098181,4
0.8126273336105041,0.36209754373600417,0
0.5605523466772029,0.5731422245480263,5
0.609871594883938,0.38203471984158843,4
0.7986704028152916,0.35485383141470284,0
0.7990726931241197,0.35476084448488976,0
0.5615237852334087,0.5694359821988798,5
0.6514308964463228,0.7118434639198272,1
0.9571596695120408,0.650839957922384,2
0.6154685299704735,0.37933258611334014,4
0.6258161035517957,0.3879833538387067,4
0.9787520038492189,0.6401915193982186,2
0.5540944959092943,0.5861834179699539,5
0.9672356243577311,0.6516142604904162,2
0.7954702534635882,0.3654734213822914,0
0.6202572849195901,0.38696294337121,4
0.5430944879428385,0.5688692734757282,5
0.9654146300884495,0.6448253877034917,2
0.568990576984688,0.5967683551384614,5
0.7770320085123886,0.33738259476337057,0
0.7867183891828,0.34821393840566284,0
0.8038131433813968,0.35377112169469654,0
0.7962530197121985,0.35149761156757175,0
0.5512186682660852,0.5819701885487795,5
0.6252511826479258,0.3766483063611926,4
0.5396865435230034,0.5809239424254891,5
0.7953005412602462,0.3586354003353567,0
0.6340288814014226,0.35863292207702224,4
0.630372698185388,0.3705209402942218,4
0.566427691879603,0.586453995674417,5
0.6527232239569252,0.7133862983976775,1
0.8062675235966579,0.35827427783126303,0
0.6454633177451982,0.6885400893901454,1
0.5695213886243377,0.5925057165457857,5
0.558223946949672,0.5827497184832113,5
0.6178077822291491,0.3783720450933763,4
0.9965612678731957,0.6303004702420996,2
0.8004958145828155,0.3792797478230645,0
0.5454874876499674,0.577209961714892,5
0.976366050872036,0.6467558805073704,2
0.547021910154228,0.5822644065909431,5
0.8007352377032941,0.35389295585599617,0
0.6205562979953531,0.38319998656521476,4
0.5504535868500805,0.5826819821464323,5
0.8009956956391727,0.32704615467671266,0
0.803902373313795,0.3484225066272058,0
0.5544705230478149,0.5855424951198489,5
0.9916793499177083,0.6186477995045099,2
0.787200183422685,0.35691885885754515,0
0.6316971444299347,0.3759145276249429,4
0.6196631621805112,0.38140815966166347,4
0.6354605406455376,0.7214014003263004,1
0.7909873444601963,0.3531081509790369,0
0.647712242453958,0.7078458730825927,1
0.6118378976460098,0.40255202233085613,4
0.8039830266338693,0.3740109063573551,0
0.6202450508091473,0.37990118166556797,4
0.7914310549156826,0.3574728370245561,0
0.5577858691493791,0.5892605044170471,5
0.7787667132958173,0.3569871868140733,0
0.5485789826423271,0.6021088689950186,5
0.6221228697506013,0.3915193046615233,4
0.5471708168926427,0.5967911524949651,5
0.5435602796212807,0.5677841717108144,5
0.6171902884404429,0.3799690283741605,4
0.5382486291523783,0.5733445254467402,5
0.7868585991196887,0.3421748630551604,0
0.5584638360703047,0.6056301900606446,5
0.7859249990309738,0.3674249176420441,0
0.5324263235547829,0.5744076094247083,5
0.9675877888698546,0.6520875210785446,2
0.5546971587223217,0.5714265116477191,5
0.5593680537047341,0.5812644401035879,5
0.6193706219710434,0.3830021909281333,4
0.5589077790284825,0.5928363229884123,5
0.9833783293085756,0.6697795500291227,2
0.6202028645699824,0.3895223961270109,4
0.5602541866900079,0.5764594748666062,5
0.9542178525436875,0.6432136277239675,2
0.9980843785090008,0.6315188969365074,2
0.616186098939971,0.3952610289165738,4
0.9724501422204087,0.6528731128537928,2
0.6223931569102856,0.3855156678349383,4
0.6153422805595801,0.37287317168562556,4
0.6166102929393897,0.38861384594410164,4
0.5662448248178794,0.5917395372591474,5
0.9846513682111036,0.651320342605214,2
0.6191821547434051,0.38783372268452393,4
0.5550653139384075,0.5890658237069553,5
0.5568282240625674,0.5867020229974999,5
0.55286326641394,0.585068829058084,5
0.7944333221605692,0.35697720420745943,0
0.8016690888002156,0.35217378263816534,0
0.5364385206740688,0.5877169845887424,5
0.9506580956111149,0.6446970769585478,2
0.5681485230058736,0.5796475576006302,5
0.8191781651536454,0.3640977365362905,0
0.6300673536478872,0.7434616016127742,1
0.606264054955458,0.3917336930568172,4
0.9613721159107955,0.6581624819116588,2
0.7850347442458168,0.3590316249219677,0
0.5706394009728759,0.5584949916213539,5
0.7674144091281543,0.3846736768884324,0
0.5356347731322453,0.5617129749100188,5
0.5499263089303941,0.5799424494532253,5
0.5587389776901105,0.5858326344781246,5
0.6047427662024396,0.38248041023265283,4
0.5410306841043941,0.6076941012619043,5
0.5695621478663828,0.5878751307578739,5
0.5634575440936432,0.5964188497464417,5
0.7982746413524371,0.3710624258581829,0
0.617407295290749,0.728375268712373,1
0.7877238115187881,0.36345097473177274,0
0.5591947925771563,0.5847394504787411,5
0.7976299910461613,0.3533050673128379,0
0.5695230810061821,0.5896202361262357,5
0.9953947747768765,0.6416146684442785,2
0.7838720352471789,0.3759414249636024,0
0.5616286640416761,0.6044716743634744,5
0.7894091412276079,0.36495856698244816,0
0.6323749897991763,0.38997566657027,4
0.6256747323280597,0.3794715803582118,4
0.5494279179632249,0.5772118970352627,5
0.6446046754685222,0.7384419324082884,1
0.784544150031799,0.36259827888117124,0
0.5576095099695992,0.5899164755160166,5
0.6335103360995635,0.39940536326544884,4
0.630710411124044,0.3718801678405839,4
0.6287173311891853,0.726199805129591,1
0.5616257920273016,0.5970827995455713,5
0.7800732405205911,0.37102654651207384,0
0.5524483876489121,0.592307315310159,5
0.7828661164943096,0.3648372002467351,0
0.5625198320077592,0.5819155474430977,5
0.6149302503127279,0.6971328456436925,1
0.7863294835685145,0.35682115972926914,0
0.970386005119637,0.652105495066519,2
0.6242039756870676,0.38732304481509994,4
0.6348814144922783,0.7262866379891948,1
0.6481702566329425,0.6956850466859538,1
0.5588462073250893,0.5806984485737546,5
0.6305913070731978,0.39066452651745726,4
0.5654192975645159,0.5826205527815433,5
0.97242562196981,0.6607700696677333,2
0.620515149958498,0.7132265076693782,1
0.7964800980318922,0.3843384665230542,0
0.629040556636283,0.3844461801954666,4
0.7737559062135868,0.3806841971531049,0
0.6244301908995487,0.38300231630266945,4
0.5730005350926278,0.578307240423816,5
0.5555078225773822,0.5876366849921243,5
0.8018584647778102,0.3477420464379049,0
0.56566318860993,0.5710704917697433,5
0.6237534694839387,0.7177131241266466,1
0.6547333043639575,0.400124492281676,4
0.7975122272445836,0.3624785129378673,0
0.5702268721912717,0.5887328333874923,5
0.7697178956350541,0.37536992319389917,0
0.5756216192574819,0.5910001540512722,5
0.7880046451315993,0.3622736690336204,0
0.7866357645981344,0.3615196739103888,0
0.6418239861752468,0.3997310144358438,4
0.5793513602006743,0.6032181891809908,5
0.7900281567298645,0.35700047557685627,0
0.5703806199315117,0.5826487351541656,5
0.7466947460171561,0.3697938745445673,0
0.6404888189599605,0.40536156125431794,4
0.7894195015890384,0.368267993460247,0
0.6257233092278254,0.7248526784768832,1
0.6302744966792938,0.4080125586122813,4
0.9640993983463266,0.6623462266334968,2
0.6364612990961427,0.40447136015566043,4
0.7976031133358149,0.3646278272381574,0
0.6242299933432472,0.7244056809298506,1
0.9865491190703873,0.6790139625905897,2
0.7756857485610912,0.35356550462377156,0
0.7855423526068483,0.3822535142271543,0
0.6167124598479079,0.6842811520881444,1
0.9598663044645113,0.6628039597252369,2
0.5442547824918609,0.5709342214512421,5
0.7808317811204906,0.37011512870375546,0
0.5712660839586186,0.5903361521516929,5
0.5452004641648674,0.5796757235909402,5
0.5758872422892759,0.5928023324788052,5
0.9577802173736982,0.6641533513886212,2
0.9664484139318987,0.6574017221852865,2
0.621737243319085,0.3962518833248593,4
0.7878905441946026,0.3756542052519036,0
0.9695217724626687,0.6638057773835838,2
0.9497435209209004,0.6533424693524819,2
0.7855441530913085,0.3761333669661453,0
0.7881191054695899,0.3686118828127733,0
0.6146024719035105,0.38952439396639876,4
0.5893570773317149,0.5910412669240673,5
0.6302422666439638,0.39511008047102203,4
0.6323104922058189,0.39053766162170017,4
0.6072839385080442,0.7561433452989484,1
0.5685471494358083,0.5885757241724842,5
0.6080542531096573,0.3983680417757437,4
0.5722365401172197,0.5785215334704499,5
0.6599396034427508,0.3928342322988355,4
0.574300940861244,0.5850623906617589,5
0.7923573206406557,0.3874714894929023,0
0.612324342172686,0.7339857046392494,1
0.9651342402814322,0.6647844254171508,2
0.584300694030032,0.5931153299824651,5
0.7893367156141486,0.3634611279134658,0
0.6303152685931687,0.7419953101903342,1
0.9578987570997626,0.6577535852293007,2
0.6346544856244577,0.7463536002209223,1
0.5603407331584588,0.5989855631209458,5
0.7702459710455066,0.3837476331207437,0
0.9725859528844227,0.6868858003571761,2
0.9774739206740689,0.6547089646398335,2
0.5817673254536667,0.5934655365630213,5
0.5478328068361883,0.5579456461616039,5
0.970978499884387,0.672679510500503,2
0.786614969084416,0.36567984815715,0
0.5732285020929503,0.6018023615998849,5
0.5623114035682606,0.580300913611324,5
0.5702156207589059,0.5869128505859512,5
0.5824734470217522,0.6003112422129705,5
0.768058062431294,0.32138587095581367,0
0.6277251646768498,0.38753188366589064,4
0.6274824904524587,0.39551002619594944,4
0.6064298947958627,0.7285967656546937,1
0.5701733775012225,0.5842198951048784,5
0.9415349374598307,0.6368738168454359,2
0.6390182105032538,0.4171956012871915,4
0.6186898352427929,0.7186711907743523,1
0.9486075297607921,0.6580800340617541,2
0.5520840849232997,0.5928813991235206,5
0.5709513139719922,0.588668756118241,5
0.7847145669272453,0.36457707944626944,0
0.7856654654268631,0.3675137656523578,0
0.6319244609649345,0.39382091891818277,4
0.6458968067532154,0.740638810317158,1
0.5933289303860501,0.7017557575342794,1
0.5690135706420416,0.5709093940398615,5
0.5892110643239956,0.6008608692189414,5
0.6382162857679873,0.38960169612686596,4
0.5802518451808892,0.5928190127781544,5
0.5586545459656121,0.5849127808198469,5
0.5717976130924982,0.5981963637030553,5
0.5811090016898719,0.5891598408907479,5
0.6146228330330827,0.7310007267003445,1
0.9656932955296607,0.6626878934922926,2
0.6123350921783773,0.731257348904905,1
0.5872152652636088,0.604919029022019,5
0.6277070477553163,0.7222903668083684,1
0.670144868246743,0.4192711477081489,4
0.6317201084968035,0.3858800398505482,4
0.7944003191374891,0.3832536350460679,0
0.5771238606444528,0.5897238618518572,5
0.5798430308447697,0.6026680373066171,5
0.6351223486955628,0.39475584553327214,4
0.5552202227820388,0.5741267765103601,5
0.632591396230196,0.3931852126324588,4
0.5850352653424246,0.5870649687540832,5
0.7865245807139782,0.372163928275381,0
0.9663516938120894,0.6705139757900167,2
0.7859170402603186,0.3845066206625847,0
0.5829309793984353,0.5832017697707695,5
0.5867735019879879,0.6123154392188224,5
0.5803010942272044,0.5880627186557731,5
0.5696069879430224,0.5809539662033503,5
0.7833813626840815,0.38401509012442925,0
0.5523183753311535,0.5973256757269731,5
0.7872239544643744,0.3784113877010587,0
0.5689979205302942,0.6005838335764562,5
0.7706889915225904,0.37406583273716243,0
0.6510579841090571,0.40609060942683434,4
0.7942963690716575,0.35682189910781276,0
0.6278715758270788,0.39006748752396037,4
0.7887108149990048,0.3563717699849091,0
0.7841757311174418,0.36762333304881556,0
0.9622909911115844,0.6687798352569352,2
0.959137551963921,0.6494314308440405,2
0.7802608969879615,0.37270828231286435,0
0.5810779763610667,0.5809900242661626,5
0.6261156671012312,0.7454731663642058,1
0.6268939608344719,0.4017278573802991,4
0.6367767882819969,0.3947543149029017,4
0.6307149351074148,0.7162460672259053,1
0.7782367934965779,0.37717511928740727,0
0.5769330040774299,0.5869226920743,5
0.6371333727839572,0.3758905599903619,4
0.6364190473376465,0.3951448556443143,4
0.9615277660495206,0.6690739258432401,2
0.6063691418468017,0.7239627116065331,1
0.5728256090354543,0.5944967357160096,5
0.5796212085223621,0.5797479334072254,5
0.637735727728259,0.7402445304025078,1
0.7779501060496975,0.37004238813309964,0
0.5738871779506957,0.5894450556464266,5
0.7787421830025907,0.37534929814898427,0
0.641338271455332,0.36813920926275756,4
0.630888287613166,0.408504980316588,4
0.5776022507988638,0.5854492163143711,5
0.9623353104455244,0.6770394771943387,2
0.6253996219180801,0.3886185557373406,4
0.6427984797600487,0.394391028993687,4
0.775830940376768,0.37287695810926264,0
0.9604499519306581,0.6722170441929746,2
0.5784860494128357,0.5885225049764993,5
0.6402830962501301,0.39735394861866646,4
0.6425681726672652,0.3847379326684462,4
0.5835166951847642,0.568002940674225,5
0.5801418575150565,0.5846681388707191,5
0.6386367471310045,0.4027367129914252,4
0.7673957439736769,0.3806112580672895,0
0.5734349051309667,0.5808877273334673,5
0.7618628022133959,0.38347421949170957,0
0.792296035756444,0.3680611911051111,0
0.592966325337031,0.7190125772151655,1
0.7818433532499326,0.3692236691234915,0
0.5931374679388669,0.5793183313377044,5
0.963126646101876,0.6558317919665331,2
0.9517400891935975,0.6607605334687462,2
0.5785936722225827,0.5820601368400203,5
0.7752135396422174,0.3687706907230179,0
0.5602397652116833,0.5819364150403202,5
0.956551514408513,0.6749782912696607,2
0.6398180504083784,0.4015835918451599,4
0.9641086657076426,0.6952287937801522,2
0.7751615998562085,0.37738995344330845,0
0.7661870389283353,0.36672389350508133,0
0.7727101540560134,0.36820432449915125,0
0.6374898053199697,0.3953868670672752,4
0.6387507689493266,0.4013154835000556,4
0.5723391298651196,0.5785252260336511,5
0.7566560085554249,0.38261465729977134,0
0.5929143896467752,0.7375726967926228,1
0.6483367267450976,0.40826491215141575,4
0.6039317884925829,0.5916323572635969,5
0.579276504090562,0.6229068748841747,5
0.7762170990383541,0.3542239257400859,0
0.5827593130583131,0.5856764799329359,5
0.5897824822570271,0.5826602376438714,5
0.6343594331780719,0.3763422508198001,4
0.7825493875136661,0.39437902186666635,0
0.7723980067445112,0.376748417842478,0
0.9615974293885062,0.6726538670644455,2
0.7893857598684841,0.3848042505367702,0
0.5868377073990737,0.5932452182126475,5
0.5785357077450454,0.6032490910663307,5
0.5845769396504217,0.5854232723945711,5
0.6412516127967909,0.40187007493729787,4
0.5698510130660266,0.5858276739818428,5
0.7840408263633295,0.3477670345716764,0
0.585171780369541,0.6013633154735698,5
0.5856414622247393,0.5838566636739102,5
0.7626835450381535,0.3764706667779027,0
0.6320453855617418,0.40149966078938193,4
0.6225447429768806,0.7262331414257781,1
0.5929247728378415,0.7182314211290184,1
0.5887355229267353,0.5896540793141121,5
0.5986629166865589,0.5857991818140252,5
0.9420327427296873,0.6924971235302592,2
0.5888485456352802,0.5839641395906578,5
0.6128955607158469,0.718423599500104,1
0.605311053467322,0.7313154202742298,1
0.596426197583195,0.7483379845043016,1
0.7718949315506854,0.3763302864106984,0
0.9758918219607028,0.6962878551448953,2
0.7641442235435287,0.3798808217095295,0
0.9812724604107893,0.6776018976646462,2
0.7626775201330036,0.37536380273117625,0
0.7502960518511178,0.36954145368614455,0
0.5850104799202037,0.5786596908020233,5
0.6202136599990932,0.4252311642189713,4
0.7740649966948865,0.3525966452770669,0
0.7798443706601904,0.3519343009940768,0
0.7847687132266641,0.4061647220433528,0
0.6009063655634369,0.5771483874479262,5
0.5816704913481963,0.5815986410602935,5
0.6415121688666438,0.40555910478858864,4
0.9478659143450622,0.6736670831276826,2
0.6005137257428361,0.735740736824042,1
0.5919910055960113,0.5784821827984145,5
0.6445232912751955,0.40112389188650577,4
0.6098215534133741,0.5930552248143302,5
0.660765376234331,0.39011172671981564,4
0.9587155922565956,0.6939662052492263,2
0.6452872360119376,0.40537136887242475,4
0.6394057544704654,0.7383763585008495,1
0.5886869563482768,0.5890137650582217,5
0.9403898959569926,0.6959947125112795,2
0.6607704499304161,0.39112720807445694,4
0.6509562991412668,0.39863030353055123,4
0.9576924170499879,0.668957723503655,2
0.7680831520840217,0.3689150520671204,0
0.6580371850826934,0.39546261847165093,4
0.7649876060289326,0.3816572065748842,0
0.5930580738700735,0.5934702355551441,5
0.5957322843835205,0.7200920455431371,1
0.7690090131622375,0.3808086825095368,0
0.9551448024830337,0.6843223763425393,2
0.5921415795931159,0.5790035445497763,5
0.6778543352901213,0.40658557815529633,4
0.6617857942457773,0.39055844935814593,4
0.58702040144223,0.5873377926273299,5
0.7766376524661327,0.37635367931332747,0
0.6602491418771645,0.41420562109821824,4
0.6028805281970485,0.5636328672122575,5
0.7724703878433807,0.3686653920635021,0
0.9583975739196708,0.6893303238236914,2
0.5684062127098519,0.5771915249076451,5
0.767298020888291,0.38278413827372804,0
0.7788668668924982,0.39669516357375467,0
0.5946366881108883,0.5823668678435009,5
0.661482752270712,0.39552366631949665,4
0.5890296881170118,0.5866076783255261,5
0.7788082678076045,0.3745489566610217,0
0.7655631248084362,0.37848960897119555,0
0.5889381668719116,0.6087451684527597,5
0.9611562742331704,0.6840226360920925,2
0.5983625692117531,0.6005384210274181,5
0.6372633589638992,0.41207591705197266,4
0.6455912219204594,0.41551942956087723,4
0.610513561055972,0.607978208166843,5
0.5955971436848505,0.5912077316084791,5
0.614616007712638,0.7177252920981316,1
0.9492329719732238,0.6866157253873667,2
0.5814159554080238,0.70852110386977,1
0.591888949117466,0.5891675554382333,5
0.7491497670679274,0.3992844686481221,0
0.5954280319997627,0.5916191018213599,5
0.6009351803125641,0.5790014276552515,5
0.5923571049136569,0.5878399890475767,5
0.7749252895717325,0.3871256545954163,0
0.5894679794525957,0.5842992963788577,5
0.588025561685036,0.5980496991721203,5
0.5940417801354178,0.6079259699545094,5
0.7712189425481581,0.3813695366667815,0
0.593407375172112,0.5782099084119015,5
0.5740483206721956,0.5738455145544901,5
0.5932293384349273,0.5873561313798862,5
0.7688846681162625,0.3663714467575072,0
0.5985976833750302,0.5971388505173353,5
0.5967894720319848,0.732615380340156,1
0.9406969055931051,0.6954511084098349,2
0.6377778876860078,0.42502036261533127,4
0.5908172721339997,0.6005865261528628,5
0.7626775158744673,0.38241227727975746,0
0.7648787623434803,0.38143567575444837,0
0.7662291495363128,0.382554007263346,0
0.9563239197642036,0.6790772500289863,2
0.7621805933853363,0.36332582855088125,0
0.5930067409878911,0.7370550006941201,1
0.745673991927662,0.3694223335461639,0
0.5948463004095247,0.5892218048360178,5
0.5977811944609734,0.7293904959548128,1
0.610350912268288,0.5600685443080411,5
0.6010297532034188,0.5968915922322189,5
0.9401709036114042,0.684269761688772,2
0.5769501863656722,0.7501624681048359,1
0.588775801684546,0.5966230994150362,5
0.6487641004603253,0.40757957603123907,4
0.6554908023437637,0.41619794584306397,4
0.6603686755465257,0.4000773650940539,4
0.6509490676038833,0.40616617962780305,4
0.6041992186021135,0.7255112597200133,1
0.7555026273925396,0.3831404749653518,0
0.643769595946395,0.39822402369283266,4
0.9587425583754522,0.689873823599747,2
0.753380988420066,0.3687047899768202,0
0.6576683861670966,0.41043491496989815,4
0.6035417955627952,0.6060257417508099,5
0.5882699411329693,0.7183549260462709,1
0.7631356189047382,0.38352351701432363,0
0.5998674715788183,0.594268567351991,5
0.7529860752826566,0.3938007917038396,0
0.9677277976250015,0.684957344654731,2
0.5954948577963436,0.5885922312500145,5
0.599688673725641,0.5858448784625467,5
0.9536463395150419,0.6859754258113548,2
0.5754577868276196,0.6027722310731003,5
0.7604268606936933,0.38350140243648245,0
0.5916612286498675,0.57862684319336,5
0.9504723429811541,0.690850873967145,2
0.5975858791429007,0.5864183290509088,5
0.9402129152772877,0.6704571049179808,2
0.6115640766477586,0.6023347394533816,5
0.9676615391135567,0.6850899310952945,2
0.745623247747802,0.38122928392707206,0
0.6203475133419178,0.5966917233935846,5
0.6190104614508005,0.5781151148760117,5
0.5982050886135271,0.5956410490777448,5
0.7488116510080459,0.40267367817934907,0
0.9579197194836943,0.6725155408705098,2
0.7529882570149545,0.3977706592846711,0
0.6013063132685057,0.5982020640233884,5
0.9463018922997671,0.6989963114607575,2
0.63360858308097,0.5850945708972679,5
0.7509200371380929,0.3736258284671827,0
0.5979590613343518,0.5753590257310289,5
0.5963010999736543,0.5911546973426842,5
0.7581645197682356,0.38329173536946826,0
0.5717117742582438,0.7223281716009637,1
0.6537604071901691,0.4089523384549096,4
0.60819678197685,0.7586678813985792,1
0.5803629086868238,0.7309706604061262,1
0.7624259326910455,0.3821749847679078,0
0.6128077568636809,0.6006161700556204,5
0.9442354883167641,0.6976874168973372,2
0.5819147587910102,0.7226457844531502,1
0.6128103034543588,0.7527918344542743,1
0.6226726477736129,0.7089402933593,1
0.5997703998209742,0.5959999476798873,5
0.9491852191742032,0.6906325281152135,2
0.5994349328613331,0.5890461485536606,5
0.7496081553745069,0.3959133824107143,0
0.7675378625863012,0.39216111907106,0
0.5948871728624622,0.584379640260069,5
0.6553570748711067,0.42232687181654227,4
0.6413418925069713,0.41389174302350407,4
0.7590907967578427,0.3859329122664244,0
0.7583242442961612,0.3796893889588438,0
0.757737892115028,0.38509667808695774,0
0.6302518483584011,0.4190280095532367,4
0.6010658614900121,0.5745266048463118,5
0.663298843685187,0.40671958108813583,4
0.5834828545217773,0.726184085662098,1
0.5954296686064129,0.5956821681680923,5
0.7438692502518442,0.390460495756782,0
0.6526968603242358,0.4244563094209171,4
0.5999110394470817,0.602084703536963,5
0.6229132484166746,0.5822467007704322,5
0.6218614570739518,0.43024940255572053,4
0.9481597528717781,0.6782576943993597,2
0.5995129503006588,0.5895779564064095,5
0.6191897231720973,0.5939775102251341,5
0.6182721343622447,0.5870573105163849,5
0.6020532998528225,0.5891100614103641,5
0.6007474407951918,0.59078016295283,5
0.6039224455857545,0.5979873454103449,5
0.6576751617195223,0.4122411909987666,4
0.6432791867570334,0.4198575788208479,4
0.5796718763420727,0.7221617179591732,1
0.6648587354274632,0.4073644246280659,4
0.585047081732807,0.7493986934231376,1
0.6606713810600083,0.4284750794469622,4
0.9506789191977421,0.6914185802905243,2
0.5931044298547288,0.588173179770528,5
0.6059963249301054,0.5868940631523037,5
0.6569788232885571,0.41407647090069305,4
0.9370993554897189,0.6870526096031017,2
0.9531886824431648,0.6868853952933212,2
0.6405752357984966,0.4156235847527353,4
0.9414214515348961,0.6929534683136247,2
0.5738361196291755,0.5923323336435266,5
0.5997006891516085,0.5918169702522055,5
0.6539508837978593,0.4243344671519116,4
0.5900360768404508,0.7303184447210292,1
0.9420306458043954,0.6899085581325475,2
0.568055650811057,0.7281598006075636,1
0.562495842192838,0.7200202621832326,1
0.6061799418006316,0.5938325340011181,5
0.7559282789086287,0.38997903268819817,0
0.9568523351314779,0.7007034901719089,2
0.7561179816720156,0.38973454662644086,0
0.6629258083526207,0.3729479381708008,4
0.9487738688597659,0.6937923426005405,2
0.7549633881485414,0.40939067902231996,0
0.5578040952393611,0.752563723073793,1
