,x,y,cluster,_id,actual_cluster,cluster_ids
0,0.6839115353098769,0.5435036726527372,53,0,1,0
1,0.6857011238531137,0.5511360485409973,53,1,1,0
2,0.6128098875297734,0.5702447166538899,53,2,1,0
3,0.6355533713470528,0.5440473666182779,53,3,1,0
4,0.6536933880753538,0.6055935235174825,53,4,1,0
5,0.6031794386253923,0.5507261032909796,53,5,1,0
6,0.5967205736873167,0.5383331430404454,53,6,1,0
7,0.6207759978601362,0.5691997368521207,53,7,1,0
8,0.5861210296821199,0.5080189422977595,53,8,1,0
9,0.6208386228447452,0.5692149602831558,53,9,1,0
10,0.5921701786191934,0.5833238186889363,53,10,1,0
11,0.617947259148555,0.5693574081021274,53,11,1,0
12,0.6454969451744795,0.5692519314728126,53,12,1,0
13,0.6235261899808516,0.5282965524365645,53,13,1,0
14,0.6191488097007163,0.5694367874210964,53,14,1,0
15,0.6921483129466011,0.5661376524381956,53,15,1,0
16,0.6287431696309159,0.5646501057484763,53,16,1,0
17,0.6158445456822726,0.5699967922056033,53,17,1,0
18,0.6454375045111218,0.590202634740957,53,18,1,0
19,0.6178984328893682,0.6016593539828301,53,19,1,0
20,0.6071609016299481,0.5631908311449652,53,20,1,0
21,0.617343299551223,0.5671510979899634,53,21,1,0
22,0.6473544659044109,0.5512871954634175,53,22,1,0
23,0.6810148644116011,0.6007231129741691,53,23,1,0
24,0.6132111120074386,0.5498007361616294,53,24,1,0
25,0.6170652021619418,0.5779064520162891,53,25,1,0
26,0.5762230977926285,0.5648708454984858,53,26,1,0
27,0.6212313557990736,0.5570775361964257,53,27,1,0
28,0.6234678107579109,0.5697347317142127,53,28,1,0
29,0.5827191131453027,0.5644435020415708,53,29,1,0
30,0.6290626631964641,0.5076883763667107,53,30,1,0
31,0.6043937264625587,0.5683298265072556,53,31,1,0
32,0.6429611640180191,0.5436537321872265,53,32,1,0
33,0.5736045242836338,0.4882730648572531,53,33,1,0
34,0.6436457930870508,0.5638824098691329,53,34,1,0
35,0.6271319030777527,0.5443246505407037,53,35,1,0
36,0.6130805548361349,0.5641575190156964,53,36,1,0
37,0.6164283379116796,0.5963387648360491,53,37,1,0
38,0.6202346632474133,0.5479152054891343,53,38,1,0
39,0.6305338196145698,0.5429349687647816,53,39,1,0
40,0.6341841132089892,0.5445899731958875,53,40,1,0
41,0.6431193186401675,0.5745094521195909,53,41,1,0
42,0.6224976542166782,0.5606430812224416,53,42,1,0
43,0.6567386606320241,0.5520516291789678,53,43,1,0
44,0.5968914655944704,0.6298825077340466,53,44,1,0
45,0.55642935689448,0.5726891647229607,53,45,1,0
46,0.6490304803230176,0.5733035389040217,53,46,1,0
47,0.5750236701213014,0.6204918255612281,53,47,1,0
48,0.6210891227831817,0.5694128648866126,53,48,1,0
49,0.621419230752901,0.5491450412391873,53,49,1,0
50,0.6348209774592513,0.5884639014391579,53,50,1,0
51,0.5690053029563239,0.6407759600276196,53,51,1,0
52,0.537857333916418,0.4983455392628597,53,52,1,0
53,0.6198960637543572,0.5668281437744322,53,53,1,0
54,0.6143606519791618,0.6184834200525209,53,54,1,0
55,0.6193759579499765,0.5851680286200504,53,55,1,0
56,0.6767956387536143,0.5617804889983526,53,56,1,0
57,0.6309668873047479,0.5960299466636221,53,57,1,0
58,0.5929853648595289,0.6310253524496131,53,58,1,0
59,0.6637569046699132,0.5916347246461912,53,59,1,0
60,0.8297322198115731,0.2907251246418416,61,300,2,1
61,0.8298680841849624,0.2907903679177065,61,301,2,1
62,0.8430065936678709,0.3065096478494185,61,302,2,1
63,0.8286070929694432,0.2941590957281965,61,303,2,1
64,0.7829556020702334,0.1890478287581486,61,304,2,1
65,0.8753709734257777,0.4061665769571624,61,305,2,1
66,0.8250257930021356,0.28802840257275986,61,306,2,1
67,0.8068231512892255,0.2396385522517085,61,307,2,1
68,0.8251319370438459,0.2851098533657375,61,308,2,1
69,0.8295029486814787,0.2882872009003572,61,309,2,1
70,0.8107610952366799,0.23028810343234,61,310,2,1
71,0.834606354206913,0.28449439179674546,61,311,2,1
72,0.8606403033172136,0.3453250474372985,61,312,2,1
73,0.8307331581249018,0.3089791058409043,61,313,2,1
74,0.8301260142063186,0.29828464553871914,61,314,2,1
75,0.8366559956523401,0.3112310862461737,61,315,2,1
76,0.817306998288958,0.2754364503308378,61,316,2,1
77,0.8319230328324749,0.30026477896121834,61,317,2,1
78,0.8290168089704453,0.284729267589859,61,318,2,1
79,0.8304731052227114,0.2907729697108092,61,319,2,1
80,0.8323009056209639,0.2871269579778934,61,320,2,1
81,0.8282292201809544,0.2840159411070696,61,321,2,1
82,0.8078538099342332,0.2543791830454474,61,322,2,1
83,0.8251712103392788,0.2973647153490244,61,323,2,1
84,0.8297449570965784,0.2929673185557313,61,324,2,1
85,0.8378448089194961,0.2914134412022161,61,325,2,1
86,0.8301483044550777,0.2893332680900575,61,326,2,1
87,0.9032497059810044,0.46236713478717106,903,327,2,13
88,0.8496745623681159,0.32793445225551443,61,328,2,1
89,0.8292588173855449,0.28966709618489944,61,329,2,1
90,0.8265309155135886,0.2972690252110892,61,330,2,1
91,0.8336574264740223,0.2909132427539187,61,331,2,1
92,0.8316810244173753,0.2832634686587613,61,332,2,1
93,0.8296281986506969,0.29652090231450523,61,333,2,1
94,0.8252465726088932,0.2896866691676589,61,334,2,1
95,0.8155948948961699,0.27271036878761684,61,335,2,1
96,0.8179035278033703,0.270654118209942,61,336,2,1
97,0.8462864445567213,0.3249158633588326,61,337,2,1
98,0.8257496953666003,0.2722264811582856,61,338,2,1
99,0.8330131321408404,0.3057865348752494,61,339,2,1
100,0.8373438090426232,0.30366177885791645,61,340,2,1
101,0.8303393637301564,0.2932641754609165,61,341,2,1
102,0.82425094149765,0.28102671168452703,61,342,2,1
103,0.8490812171749551,0.32129594893626273,61,343,2,1
104,0.8436010003014491,0.3297623513676622,61,344,2,1
105,0.8286983768453141,0.29168420079705537,61,345,2,1
106,0.83031601204098,0.28525991290022673,61,346,2,1
107,0.8433844664563599,0.3154653748498045,61,347,2,1
108,0.8244993185552523,0.2920397766505189,61,348,2,1
109,0.8027631416938041,0.2145894838713185,61,349,2,1
110,0.8317754926144976,0.30226339797854584,61,350,2,1
111,0.8309072343533068,0.2900857405383658,61,351,2,1
112,0.8382354189929903,0.3003843916336373,61,352,2,1
113,0.8231332447384399,0.2827828431932234,61,353,2,1
114,0.8604195237104559,0.3718594877315457,61,354,2,1
115,0.8051864101660517,0.2279252094581002,61,355,2,1
116,0.8281421820667518,0.2905609290642483,61,356,2,1
117,0.8310855563433802,0.2925171399522637,61,357,2,1
118,0.8310048868716804,0.2839311248484453,61,358,2,1
119,0.8534808877038497,0.3461351514459541,61,359,2,1
120,0.8316927002619635,0.2912688186073823,61,360,2,1
121,0.8417583397373571,0.3209208001000397,61,361,2,1
122,0.8269353243125049,0.29718203417660266,61,362,2,1
123,0.3804616416662067,0.8320909926220729,145,616,3,2
124,0.41013845428800705,0.8285363214753679,145,617,3,2
125,0.4050913051046793,0.7984135010085524,145,618,3,2
126,0.4551626339007086,0.866510082804591,145,619,3,2
127,0.44007850413324895,0.8391861988723787,145,620,3,2
128,0.3708290698809913,0.743527595187221,145,621,3,2
129,0.4175770287310692,0.7834347322579067,145,622,3,2
130,0.371061525332337,0.7418954259026679,145,623,3,2
131,0.3807683979467497,0.8030892691122021,145,624,3,2
132,0.4291987398579368,0.7926307719910617,145,625,3,2
133,0.4204981127589384,0.7889543133960756,145,626,3,2
134,0.4261863719541967,0.8133726967764385,145,627,3,2
135,0.4381848944291361,0.7966802046464087,145,628,3,2
136,0.3855119751707858,0.8012820303707451,145,629,3,2
137,0.4187828250448989,0.7830682825251323,145,630,3,2
138,0.4303344811042377,0.7856812757235208,145,631,3,2
139,0.4769094251663277,0.8262517194321659,145,632,3,2
140,0.4491421438548969,0.8176102475438625,145,633,3,2
141,0.3473500078546591,0.8182170100094059,145,634,3,2
142,0.4171057491858752,0.8177798800611112,145,635,3,2
143,0.3535010550717746,0.8229688952682315,145,636,3,2
144,0.44840656564584397,0.7656004828002414,145,637,3,2
145,0.420965146542464,0.7992714500861755,145,638,3,2
146,0.4244328723851416,0.8071963333278964,145,639,3,2
147,0.4278942295853165,0.8378041288119743,145,640,3,2
148,0.40353098769153695,0.8028467816035709,145,641,3,2
149,0.434926272348628,0.7878125560684403,145,642,3,2
150,0.4646200680171019,0.8015397413104112,145,643,3,2
151,0.4198867230786867,0.7989104372930564,145,644,3,2
152,0.3924325666903014,0.7607137614379618,145,645,3,2
153,0.4200788437941825,0.7996411619827432,145,646,3,2
154,0.44963889797010137,0.796898769620556,145,647,3,2
155,0.4086089186469607,0.7590935534206505,145,648,3,2
156,0.3922627362235648,0.7390399451956483,145,649,3,2
157,0.4815224452190601,0.865535783218342,145,650,3,2
158,0.5007652985407317,0.7914835777237709,145,651,3,2
159,0.4433084673224953,0.7981525279050928,145,652,3,2
160,0.4593224188953377,0.8666547053994248,145,653,3,2
161,0.4217760870211312,0.7906636872237355,145,654,3,2
162,0.4098762785049824,0.8006633066379596,145,655,3,2
163,0.4433986897579491,0.8081488851555236,145,656,3,2
164,0.4250899040033287,0.8081597590348345,145,657,3,2
165,0.42365059079773615,0.7562500339808729,145,658,3,2
166,0.47720981280436797,0.8389176140534016,145,659,3,2
167,0.4010684459238565,0.7739820689730165,145,660,3,2
168,0.4227865782982138,0.8035524963708428,145,661,3,2
169,0.4112593353684684,0.8130932380781506,145,662,3,2
170,0.3614034789771111,0.7911312640341005,145,663,3,2
171,0.4818557375100306,0.8090666405693563,145,664,3,2
172,0.4514985415808669,0.7749944271368532,145,665,3,2
173,0.4529187488589516,0.8457735949588695,145,666,3,2
174,0.4141570677071613,0.7411451282302218,145,667,3,2
175,0.3998499123250216,0.831650600509985,145,668,3,2
176,0.4116892187373954,0.7257999097468018,145,669,3,2
177,0.42166357433691815,0.8062155094140611,145,670,3,2
178,0.44837896819499934,0.7643565110070843,145,671,3,2
179,0.4157566584157365,0.7976392808016224,145,672,3,2
180,0.4118165915874478,0.7771507174041875,145,673,3,2
181,0.3971772053547546,0.8185780228025249,145,674,3,2
182,0.4896403415290686,0.7941107069652634,145,675,3,2
183,0.3994019844690038,0.8084653150434683,145,676,3,2
184,0.4656570953046122,0.7998303674827513,145,677,3,2
185,0.8045463615945383,0.7611041337052199,228,930,4,3
186,0.8535456355692929,0.7327950763074481,228,931,4,3
187,0.7747326231589315,0.7944836810256243,228,932,4,3
188,0.9078765247591593,0.7043838044441545,228,933,4,3
189,0.8580249141294702,0.7513339531444541,228,934,4,3
190,0.8290677581104662,0.7592262147482425,228,935,4,3
191,0.8611784536086852,0.7962528611894937,228,936,4,3
192,0.8206887474578503,0.7761100871541426,228,937,4,3
193,0.8392087598554743,0.7126131563065782,228,938,4,3
194,0.8318561620861975,0.7651633528519467,228,939,4,3
195,0.8755047149183328,0.6564713174248479,228,940,4,3
196,0.8323040899422152,0.7395401436439457,228,941,4,3
197,0.8525807862301458,0.7423249441354449,228,942,4,3
198,0.8516159368909986,0.7407014739543406,228,943,4,3
199,0.8401874079200439,0.7312651214884166,228,944,4,3
200,0.8068019224808834,0.7864815932407966,228,945,4,3
201,0.8862326932139991,0.7207424684793423,228,946,4,3
202,0.8317680625315779,0.7445714876010591,228,947,4,3
203,0.8182400044155921,0.755476901161874,228,948,4,3
204,0.8447123284181566,0.7419378340319801,228,949,4,3
205,0.8719244763914422,0.7071860031425511,228,950,4,3
206,0.8621220741394903,0.7613988158345429,228,951,4,3
207,0.8132724632635472,0.7071348959097903,228,952,4,3
208,0.8544595357684192,0.7110168708237508,228,953,4,3
209,0.8630051925665204,0.7938856176635295,228,954,4,3
210,0.8472714612637934,0.8121037150608665,228,955,4,3
211,0.8892588598431616,0.7157894164532668,228,956,4,3
212,0.8584441830942262,0.6538561494505972,228,957,4,3
213,0.8670821852086155,0.7466842823511501,228,958,4,3
214,0.8026240929991636,0.7929515514307307,228,959,4,3
215,0.8536772541810138,0.7208522946603816,228,960,4,3
216,0.8605606952859308,0.7175335866947212,228,961,4,3
217,0.8941085811089079,0.7443855442648442,228,962,4,3
218,0.8441593179608455,0.7104525164875195,228,963,4,3
219,0.8583263632079277,0.6570911285455643,228,964,4,3
220,0.8120051034055255,0.7833303430165228,228,965,4,3
221,0.9133981378089322,0.7125022427376079,228,966,4,3
222,0.7935827435262749,0.7353961082385947,228,967,4,3
223,0.8547089742664385,0.7427881713940857,228,968,4,3
224,0.8427263733977557,0.7472779961615206,228,969,4,3
225,0.8714723027737561,0.7468734878511584,228,970,4,3
226,0.8715572180071244,0.7486557166702007,228,971,4,3
227,0.8581119522436728,0.7730240802057338,228,972,4,3
228,0.8523876040742329,0.7363714952127747,228,973,4,3
229,0.8863568817428003,0.7810435661974587,228,974,4,3
230,0.8595417124855114,0.7407069108939959,228,975,4,3
231,0.8657033741067979,0.7394977355146335,228,976,4,3
232,0.8475633573784969,0.8153354319920403,228,977,4,3
233,0.8529544132569662,0.7072392851511741,228,978,4,3
234,0.8409972869582939,0.6946081869437332,228,979,4,3
235,0.8599089708698292,0.7051101795821169,228,980,4,3
236,0.8934441194078011,0.6638731670717186,228,981,4,3
237,0.8460953852816426,0.7573743931016109,228,982,4,3
238,0.8010595298243528,0.7677111027744703,228,983,4,3
239,0.8318954353816302,0.7188830351171932,228,984,4,3
240,0.8260352228388012,0.7212198317810871,228,985,4,3
241,0.9149128132841392,0.7355700903075677,228,986,4,3
242,0.8905824760432898,0.7057865348752494,228,987,4,3
243,0.8652448318466092,0.7365922349627841,228,988,4,3
244,0.8696232735671616,0.7450107923252159,228,989,4,3
245,0.871665484929669,0.7471475096097908,228,990,4,3
246,0.8706624237355061,0.7369423738765923,228,991,4,3
247,0.9072226774622232,0.690464151538382,228,992,4,3
248,0.8927945178725337,0.12084142078107075,279,1248,5,4
249,0.8921958654772874,0.11592642733258306,279,1249,5,4
250,0.8889860696559659,0.1125642238496795,279,1250,5,4
251,0.8953844324902666,0.08165522190869204,279,1251,5,4
252,0.8695946146758998,0.11789677426370244,279,1252,5,4
253,0.88037248067117,0.12284112718632935,279,1253,5,4
254,0.9087575203053552,0.09006725494353739,279,1254,5,4
255,0.9405434150359404,0.10763509435808773,279,1255,5,4
256,0.9298218053827766,0.07868774024477103,279,1256,5,4
257,0.8472884443104671,0.06243237806303587,279,1257,5,4
258,0.9331557897328993,0.1602059512741468,279,1258,5,4
259,0.9014303971060889,0.111822625280682,279,1259,5,4
260,0.8808023640400969,0.1008073855388279,279,1260,5,4
261,0.8644986392333853,0.12010634653965975,279,1261,5,4
262,0.8750504184198125,0.11099621045306017,279,1262,5,4
263,0.8653849419816668,0.17532281829203974,279,1263,5,4
264,0.8580089925232137,0.11366248566007164,279,1264,5,4
265,0.9081418848634352,0.08455202335709276,279,1265,5,4
266,0.8821949738673369,0.11428773372044344,279,1266,5,4
267,0.8289647983900071,0.13645739885933006,279,1267,5,4
268,0.862723910855988,0.10833319740984194,279,1268,5,4
269,0.9096841577894866,0.13643673848863952,279,1269,5,4
270,0.8558999104144288,0.13242753918674258,279,1270,5,4
271,0.8946286869132888,0.14927444040298596,279,1271,5,4
272,0.870528682242951,0.11225866784104564,279,1272,5,4
273,0.8857752123942274,0.09128186726255526,279,1273,5,4
274,0.8867252015675352,0.09812153734905696,279,1274,5,4
275,0.8817417388092337,0.11856660522924856,279,1275,5,4
276,0.9007457680370571,0.11852202232407424,279,1276,5,4
277,0.9222632881725816,0.16793510468827305,279,1277,5,4
278,0.8962272161814469,0.11973337247929886,279,1278,5,4
279,0.8825293275987246,0.1140974408325042,279,1279,5,4
280,0.9085823826365332,0.16728158454169315,279,1280,5,4
281,0.8709543198502095,0.11377992355662846,279,1281,5,4
282,0.9261120711249996,0.1064868127028658,279,1282,5,4
283,0.906143192558029,0.08188574815008129,279,1283,5,4
284,0.866770121725987,0.16208604500698648,279,1284,5,4
285,0.8562257726224796,0.09961669575429384,279,1285,5,4
286,0.886395093597816,0.11801312477232816,279,1286,5,4
287,0.9167682111332364,0.17346773448161498,279,1287,5,4
288,0.8359745509045595,0.12794858829861847,279,1288,5,4
289,0.8708736503785096,0.07370967829628057,279,1289,5,4
290,0.8648266243222703,0.1766744414903739,279,1290,5,4
291,0.8960871060463892,0.09591196507309964,279,1291,5,4
292,0.8880212203168187,0.07179152598585309,279,1292,5,4
293,0.8896324868699821,0.11862641156545806,279,1293,5,4
294,0.8812195101240187,0.06275098272684271,279,1294,5,4
295,0.8333379329084741,0.10641069554769013,279,1295,5,4
296,0.8964278284202795,0.1076818520391242,279,1296,5,4
297,0.8902852727265008,0.1076296574184323,279,1297,5,4
298,0.9026616679899292,0.07648577968433129,279,1298,5,4
299,0.8871741908639701,0.12067722520347747,279,1299,5,4
300,0.8813574973782422,0.08349725706394384,279,1300,5,4
301,0.8812311859686068,0.11605365172051955,279,1301,5,4
302,0.8578243018906376,0.10217966910785256,279,1302,5,4
303,0.8939016002275728,0.11856334306545532,279,1303,5,4
304,0.8806792369517129,0.11568611459981405,279,1304,5,4
305,0.8993478510077315,0.12792140360034146,279,1305,5,4
306,0.8685841233988171,0.11488144753081385,279,1306,5,4
307,0.8786699302421358,0.12312167327254835,279,1307,5,4
308,0.8879097690730229,0.11638204287570612,279,1308,5,4
309,0.8924283209286329,0.11061127512545738,279,1309,5,4
310,0.9016437466299266,0.1278126648072333,279,1310,5,4
311,0.8687815513163984,0.14634827948044604,279,1311,5,4
312,0.8928316682871323,0.0969939160645256,279,1312,5,4
313,0.3405716493510353,0.5635387952829112,348,1573,6,5
314,0.31432435071689685,0.5828823391889173,348,1574,6,5
315,0.4095217574056698,0.6217869045871459,348,1575,6,5
316,0.3608854960535645,0.547884758627064,348,1576,6,5
317,0.3497032212593778,0.5508348420840877,348,1577,6,5
318,0.2861515991661324,0.5524072050324313,348,1578,6,5
319,0.4127453519524135,0.5560901879550039,348,1579,6,5
320,0.31999987262715,0.5693563207141964,348,1580,6,5
321,0.2831211867753016,0.5397249995922295,348,1581,6,5
322,0.3719541967231211,0.5808217390595182,348,1582,6,5
323,0.3398010436082181,0.5561782663774215,348,1583,6,5
324,0.4151102412017204,0.6126343603712342,348,1584,6,5
325,0.2799389884048249,0.5574004904119569,348,1585,6,5
326,0.3474752578238773,0.5874015234304915,348,1586,6,5
327,0.3420268841628844,0.56427169474846,348,1587,6,5
328,0.3157742783266604,0.5490928466184953,348,1588,6,5
329,0.3353695298668105,0.5330256025488374,348,1589,6,5
330,0.3297046223607284,0.5628722264811583,348,1590,6,5
331,0.3682763056778571,0.5779064520162891,348,1591,6,5
332,0.3809106309626416,0.5878886732236159,348,1592,6,5
333,0.3398159037740576,0.5592403507913466,348,1593,6,5
334,0.33807620293042473,0.5608127137396902,348,1594,6,5
335,0.3382163130654824,0.5569916325498703,348,1595,6,5
336,0.4375437844172056,0.6117666248022313,348,1596,6,5
337,0.33990400332867715,0.5430284841268547,348,1597,6,5
338,0.33384317854701545,0.572972972972973,348,1598,6,5
339,0.29395530911267825,0.5668672897399512,348,1599,6,5
340,0.3539903791040594,0.5887618457322742,348,1600,6,5
341,0.33348441168603443,0.5563903070239823,348,1601,6,5
342,0.3275636970394304,0.5236479690311917,348,1602,6,5
343,0.36735603683622825,0.5660854578175036,348,1603,6,5
344,0.343282568176318,0.5581072925671599,348,1604,6,5
345,0.32397496698920303,0.576315603473117,348,1605,6,5
346,0.3301567959784146,0.5740723221712962,348,1606,6,5
347,0.38085862038220347,0.5746388512833897,348,1607,6,5
348,0.3388966963728458,0.5608116263517591,348,1608,6,5
349,0.33272335890697113,0.5942194457583715,348,1609,6,5
350,0.3685459115438014,0.546227579420096,348,1610,6,5
351,0.3460348831778677,0.5550789171790982,348,1611,6,5
352,0.3684249073362516,0.5765037215851941,348,1612,6,5
353,0.3597837209006109,0.53926285972152,348,1613,6,5
354,0.3966974342862238,0.5747062693351167,348,1614,6,5
355,0.30204773085267633,0.5372783767472965,348,1615,6,5
356,0.3546739467326741,0.5739255248006002,348,1616,6,5
357,0.3366538727715058,0.5854561864217869,348,1617,6,5
358,0.32682068874745784,0.5529400251186612,348,1618,6,5
359,0.33405015942835065,0.5742256438695786,348,1619,6,5
360,0.29431089165240804,0.5495267144029968,348,1620,6,5
361,0.3264651062077281,0.5412516922474677,348,1621,6,5
362,0.41827014932343787,0.5581975457654396,348,1622,6,5
363,0.3250215472404672,0.5465766309459731,348,1623,6,5
364,0.3375125780689427,0.551667781239296,348,1624,6,5
365,0.3333623460380675,0.523811077220854,348,1625,6,5
366,0.34041455616930394,0.5627591381363258,348,1626,6,5
367,0.35945467437130885,0.54783038923051,348,1627,6,5
368,0.3165533755928145,0.5768538604990023,348,1628,6,5
369,0.3692921041570253,0.5732361208522947,348,1629,6,5
370,0.330991088146258,0.5646435814208898,348,1630,6,5
371,0.3202195907934904,0.5544852033687279,348,1631,6,5
372,0.2969305266018197,0.5664540823261403,348,1632,6,5
373,0.3394454610684884,0.5278789954710292,348,1633,6,5
374,0.3398286410590628,0.5360202689110354,348,1634,6,5
375,0.26412564907081504,0.4977550876162826,348,1635,6,5
376,0.332363530605573,0.5634702898432529,348,1636,6,5
377,0.3451878537250189,0.5609312390241781,348,1637,6,5
378,0.1727844554173796,0.3213688039276452,394,1899,7,6
379,0.16094196468375446,0.32296400202254155,394,1900,7,6
380,0.17694317897159162,0.3032703192027272,394,1901,7,6
381,0.1670770902946134,0.2626237583389062,394,1902,7,6
382,0.2429085165733307,0.36132922300695386,394,1903,7,6
383,0.16369746400655547,0.3346816943678742,394,1904,7,6
384,0.2074139490253854,0.2597378307698163,394,1905,7,6
385,0.16012147124133333,0.3180337851430187,394,1906,7,6
386,0.1323265924790578,0.32001391856551786,394,1907,7,6
387,0.15481533059623231,0.3325906473764048,394,1908,7,6
388,0.1577385375049357,0.3444921082820902,394,1909,7,6
389,0.15425170573475028,0.3184143709188972,394,1910,7,6
390,0.14847003978278686,0.32793445225551443,394,1911,7,6
391,0.16552738728564212,0.3152533342032437,394,1912,7,6
392,0.22677143791210425,0.2587417834249457,394,1913,7,6
393,0.17958934993143094,0.34320029141996555,394,1914,7,6
394,0.15787652475915914,0.3254182365829922,394,1915,7,6
395,0.15967885058740114,0.2775818667188613,394,1916,7,6
396,0.18356550573390112,0.32502786431573394,394,1917,7,6
397,0.14034259050902434,0.3202477069707003,394,1918,7,6
398,0.1268039179888676,0.2859014717795647,394,1919,7,6
399,0.1934135499237886,0.2952573575385887,394,1920,7,6
400,0.12191704630852253,0.325429110462303,394,1921,7,6
401,0.14840953767901194,0.3595524311275669,394,1922,7,6
402,0.17859584170102194,0.29676882676279176,394,1923,7,6
403,0.17344042559514966,0.3121260065134537,394,1924,7,6
404,0.14557549176534526,0.4130214704746992,394,1925,7,6
405,0.17292562699285438,0.4183159623111343,394,1926,7,6
406,0.19007531981199768,0.3497866001185253,394,1927,7,6
407,0.18966029660891012,0.2985967258749395,394,1928,7,6
408,0.15020443342433415,0.3258716773502531,394,1929,7,6
409,0.2023763528058116,0.3356918777558488,394,1930,7,6
410,0.12966343847254475,0.3045425630820924,394,1931,7,6
411,0.1602276152830437,0.3505999662909741,394,1932,7,6
412,0.15562202531323108,0.3391726065232402,394,1933,7,6
413,0.14397802393760428,0.3205315152207125,394,1934,7,6
414,0.17677759426652345,0.3401534304370756,394,1935,7,6
415,0.11622454135159575,0.3367531683765842,394,1936,7,6
416,0.21694780685181014,0.35432970689458315,394,1937,7,6
417,0.15508705934301084,0.320483670151745,394,1938,7,6
418,0.2162313345702652,0.2958521587368902,394,1939,7,6
419,0.10924344772830523,0.4172938176559178,394,1940,7,6
420,0.15576531976954006,0.32417643956569725,394,1941,7,6
421,0.16944516386517158,0.3165951709101981,394,1942,7,6
422,0.13683452993049688,0.3357027516351596,394,1943,7,6
423,0.16735731056472875,0.30548206625454666,394,1944,7,6
424,0.1490124358359268,0.3582617016533733,394,1945,7,6
425,0.1688051152936581,0.3469202455321949,394,1946,7,6
426,0.15939332311520024,0.3467451760752908,394,1947,7,6
427,0.15339830763939896,0.32246489096217523,394,1948,7,6
428,0.15935511126018453,0.3452478428941917,394,1949,7,6
429,0.13377545864840426,0.3398032915232674,394,1950,7,6
430,0.17166251289650106,0.3338172209626645,394,1951,7,6
431,0.1539937757133941,0.3253888771088529,394,1952,7,6
432,0.15617822009179336,0.3159025047980992,394,1953,7,6
433,0.14153883385910015,0.2466706900020117,394,1954,7,6
434,0.14400562138844894,0.33106612949702874,394,1955,7,6
435,0.1496630988116113,0.3225877657983874,394,1956,7,6
436,0.2031915390461472,0.3758784735248224,394,1957,7,6
437,0.19468833986473005,0.33870394232494416,394,1958,7,6
438,0.12539007935328558,0.32993307127284194,394,1959,7,6
439,0.1637048940894752,0.3336845596350726,394,1960,7,6
440,0.1695905812023148,0.3884628140512269,394,1961,7,6
441,0.16629693158804226,0.3269840752037493,394,1962,7,6
442,0.1624470871952074,0.32176570052248993,394,1963,7,6
443,0.17054269325645674,0.30431529900449633,394,1964,7,6
444,0.6891752183382938,0.32955900982454994,483,2233,8,7
445,0.6303332073757372,0.3787513524387393,483,2234,8,7
446,0.6342785814061114,0.3713777748780766,483,2235,8,7
447,0.6468545274679551,0.34030566474742696,483,2236,8,7
448,0.6594039375193713,0.4064612590864854,483,2237,8,7
449,0.6259282296447571,0.3667802987054647,483,2238,8,7
450,0.6469840231988417,0.3775824104128268,483,2239,8,7
451,0.6220847538944249,0.3576081815067935,483,2240,8,7
452,0.6397460609946122,0.3702338427745791,483,2241,8,7
453,0.6242012660861295,0.3831291762492728,483,2242,8,7
454,0.700157942334065,0.3782946495076851,483,2243,8,7
455,0.6250567870623149,0.3507304528427039,483,2244,8,7
456,0.6407523065100263,0.3785925938008014,483,2245,8,7
457,0.617097045374455,0.3475041728511855,483,2246,8,7
458,0.5892628933167465,0.38722645397358735,483,2247,8,7
459,0.5770860488517338,0.3697532173090411,483,2248,8,7
460,0.7089169486560042,0.3570568758257352,483,2249,8,7
461,0.6328360838792675,0.3041793755131112,483,2250,8,7
462,0.6720923962654279,0.3438222773165441,483,2251,8,7
463,0.6237076962921764,0.3827583769647741,483,2252,8,7
464,0.6372941336311028,0.3761285727489711,483,2253,8,7
465,0.614977348861499,0.3700772589125033,483,2254,8,7
466,0.6025192226859537,0.4064188509571732,483,2255,8,7
467,0.6305868916354249,0.3728892441022797,483,2256,8,7
468,0.6416333020562224,0.3708123331539143,483,2257,8,7
469,0.6539024918375232,0.3625242623432123,483,2258,8,7
470,0.5732224057334766,0.38051183349915996,483,2259,8,7
471,0.6346564541946003,0.38052488215433294,483,2260,8,7
472,0.7148058200900951,0.36691839697271206,483,2261,8,7
473,0.5732818463968343,0.3836685206630892,483,2262,8,7
474,0.6751015798479169,0.3973043653188493,483,2263,8,7
475,0.6433220537598342,0.3826115795940781,483,2264,8,7
476,0.6107315871930845,0.3701142301021601,483,2265,8,7
477,0.6343783568053191,0.35686114599814056,483,2266,8,7
478,0.6143850651087552,0.4256438695786916,483,2267,8,7
479,0.6175555876346437,0.41941639889738863,483,2268,8,7
480,0.6339803166489052,0.3512012918168621,483,2269,8,7
481,0.606311749296265,0.3678872596193055,483,2270,8,7
482,0.6341692530431496,0.3650828861450467,483,2271,8,7
483,0.6332903803777878,0.3729707981971108,483,2272,8,7
484,0.6480613852222019,0.35359028310144786,483,2273,8,7
485,0.5720473911917429,0.3691953873003964,483,2274,8,7
486,0.6554362732402379,0.3946087306376985,483,2275,8,7
487,0.5699351247617066,0.3893762199133352,483,2276,8,7
488,0.5918995113128319,0.3621969585759568,483,2277,8,7
489,0.6689399182266302,0.4149678948713349,483,2278,8,7
490,0.6105702482496848,0.3017371022199025,483,2279,8,7
491,0.7372850052435157,0.4162031675610433,483,2280,8,7
492,0.6195956761163169,0.3906658619995977,483,2281,8,7
493,0.5758537165274764,0.3610715120672876,483,2282,8,7
494,0.5586689961745688,0.4047149140691688,483,2283,8,7
495,0.6439801468184385,0.37382983466266506,483,2284,8,7
496,0.6835517070084788,0.3970999363878061,483,2285,8,7
497,0.7335349362498885,0.4495968509245516,483,2286,8,7
498,0.6416141961287145,0.3776356924214498,483,2287,8,7
499,0.65035621940398,0.36822108771414747,483,2288,8,7
500,0.6871913861987271,0.39796875934473996,483,2289,8,7
501,0.6246300880146394,0.3549332071963333,483,2290,8,7
502,0.6278653584059712,0.3723825213263958,483,2291,8,7
503,0.6776065792322814,0.41871285890597904,483,2292,8,7
504,0.631766151938827,0.3817862521543873,483,2293,8,7
505,0.6456699599624675,0.3868154213356386,483,2294,8,7
506,0.6501906346989118,0.3393487633680754,483,2295,8,7
507,0.5893976962497187,0.3201737645913868,483,2296,8,7
508,0.6431787593035253,0.4249098827252116,483,2297,8,7
509,0.6358643733892642,0.4008318517672773,483,2298,8,7
510,0.5941189832249957,0.4103551952676877,483,2299,8,7
511,0.1874790365517622,0.9099936387806032,532,2571,9,8
512,0.3355584662610549,0.8652421884769501,532,2572,9,8
513,0.2680763303032748,0.8552077726489313,532,2573,9,8
514,0.2030853950044368,0.8420558156225024,532,2574,9,8
515,0.219291467292775,0.8552577924937611,532,2575,9,8
516,0.2121299287985768,0.8795620001413604,532,2576,9,8
517,0.23590725558211514,0.8624443393302778,532,2577,9,8
518,0.2056254219225658,0.8944777003920034,532,2578,9,8
519,0.2391520789372009,0.8640362752613808,532,2579,9,8
520,0.2421803684471976,0.8997711048405074,532,2580,9,8
521,0.2799453570473275,0.8241835075872493,532,2581,9,8
522,0.21742651647992392,0.8788562853740887,532,2582,9,8
523,0.2954827218728904,0.8370516563636661,532,2583,9,8
524,0.2394959856323425,0.8789400142447819,532,2584,9,8
525,0.2153333559773956,0.8414077324155779,532,2585,9,8
526,0.2452840202268086,0.8356771980187792,532,2586,9,8
527,0.2434668342327272,0.8164239073110527,532,2587,9,8
528,0.22370493654709184,0.8957184100213672,532,2588,9,8
529,0.22741997800695454,0.8970058773317675,532,2589,9,8
530,0.2833345362991394,0.8819053211328407,532,2590,9,8
531,0.21754645924705665,0.8869638497882312,532,2591,9,8
532,0.2390236446467314,0.8678725798822359,532,2592,9,8
533,0.2587696207261101,0.8705388550892473,532,2593,9,8
534,0.2445165988052427,0.8419601254845672,532,2594,9,8
535,0.2244182245073855,0.8831623415811708,532,2595,9,8
536,0.3054507088299105,0.8580295443300875,532,2596,9,8
537,0.27257789911221125,0.8965535239524377,532,2597,9,8
538,0.223501139987008,0.8605772942526111,532,2598,9,8
539,0.2698553044423405,0.812818128931587,532,2599,9,8
540,0.2421188049030056,0.8480418861831053,532,2600,9,8
541,0.201766024565977,0.8687196550805483,532,2601,9,8
542,0.2981490602006547,0.8825316565811436,532,2602,9,8
543,0.21535776910698892,0.7827475030854633,532,2603,9,8
544,0.2331666164251536,0.9068119416942592,532,2604,9,8
545,0.2884209587779,0.8637437679079201,532,2605,9,8
546,0.21365415723753764,0.8499991844590516,532,2606,9,8
547,0.1851396218724658,0.939035595643924,532,2607,9,8
548,0.22193976113344852,0.8741718181669902,532,2608,9,8
549,0.2598321225836309,0.8237398533113681,532,2609,9,8
550,0.2187427025971324,0.8614374181060964,532,2610,9,8
551,0.23392660776379975,0.8620931130285385,532,2611,9,8
552,0.27254074869761263,0.8396700865017099,532,2612,9,8
553,0.19638664453209584,0.8252100017941901,532,2613,9,8
554,0.27437279485753346,0.8459595382950844,532,2614,9,8
555,0.2401105596338455,0.8645473475889891,532,2615,9,8
556,0.2454018401131071,0.8970917809783229,532,2616,9,8
557,0.2817306998288958,0.8672429822701397,532,2617,9,8
558,0.2559217760870212,0.9118519847548212,532,2618,9,8
559,0.2399842482242102,0.8874249022710097,532,2619,9,8
560,0.2135267843874852,0.8909893599090943,532,2620,9,8
561,0.2898125071647228,0.9196050607034312,532,2621,9,8
562,0.2569333288045209,0.9203151250224274,532,2622,9,8
563,0.2652412229491909,0.8683260206494968,532,2623,9,8
564,0.2378751661154253,0.8613580387871275,532,2624,9,8
565,0.2436377261398809,0.8934881773747193,532,2625,9,8
566,0.23063508103036146,0.8761008443567285,532,2626,9,8
567,0.2522375163992545,0.8682422917788035,532,2627,9,8
568,0.2482369474671909,0.8520282503384495,532,2628,9,8
569,0.2316540638307809,0.8476928346572281,532,2629,9,8
570,0.2188223106284152,0.8901498964262996,532,2630,9,8
571,0.2249680506434452,0.8137173987505912,532,2631,9,8
572,0.2940794976414794,0.9243460720829458,532,2632,9,8
573,0.2279644969409287,0.8387468941482219,532,2633,9,8
574,0.23525553116601355,0.8804938915982972,532,2634,9,8
575,0.21231886519282125,0.860682770881926,532,2635,9,8
576,0.2293411851619121,0.8758279099860271,532,2636,9,8
577,0.1988948282377117,0.8994090046594573,532,2637,9,8
578,0.25168238306110924,0.8365808173895078,532,2638,9,8
579,0.29130170806991923,0.1344718284971755,593,2912,10,9
580,0.32861452305236305,0.01624013875070001,593,2913,10,9
581,0.3249100959966713,0.12325977153979567,593,2914,10,9
582,0.2476276806677734,0.1121912497893186,593,2915,10,9
583,0.3184353094523392,0.1296840594366243,593,2916,10,9
584,0.23391811624046294,0.07316815910660207,593,2917,10,9
585,0.2801661366540851,0.1382983466266508,593,2918,10,9
586,0.3786985891333976,0.11806640678095115,593,2919,10,9
587,0.3384742430868385,0.14186171687680438,593,2920,10,9
588,0.3019246037642923,0.1441169594458671,593,2921,10,9
589,0.312789507873765,0.10402605381482873,593,2922,10,9
590,0.2664894768797048,0.1351144747644446,593,2923,10,9
591,0.2880674991190045,0.05453359213166093,593,2924,10,9
592,0.2880059355748125,0.06418416002000794,593,2925,10,9
593,0.3202227751147417,0.122582328858732,593,2926,10,9
594,0.19402281672320607,0.13946293910083893,593,2927,10,9
595,0.3057776324783785,0.043819558846716365,593,2928,10,9
596,0.309153013004768,0.1289783446693525,593,2929,10,9
597,0.3204913195402689,0.12366319246222685,593,2930,10,9
598,0.2918929303822459,0.07955656320170502,593,2931,10,9
599,0.292641245876304,0.043398739717387884,593,2932,10,9
600,0.385524712455791,0.1405959973250257,593,2933,10,9
601,0.3383182113455243,0.15346849565316675,593,2934,10,9
602,0.3376006776235623,0.13501878462650946,593,2935,10,9
603,0.3608483456389659,0.12483104710020825,593,2936,10,9
604,0.3146406599611937,0.12253230901390225,593,2937,10,9
605,0.3196389828853347,0.12972103062628107,593,2938,10,9
606,0.2738781636231632,0.06608273934767599,593,2939,10,9
607,0.369350483379966,0.07920751167582793,593,2940,10,9
608,0.3603770660937719,0.1216145536000696,593,2941,10,9
609,0.3514737038751067,0.10660533798735368,593,2942,10,9
610,0.3315578973289913,0.14199220342853414,593,2943,10,9
611,0.28460508047841243,0.10766662860808908,593,2944,10,9
612,0.3472045905175159,0.11054276968579926,593,2945,10,9
613,0.2260326753818001,0.12910121950556472,593,2946,10,9
614,0.28940915980622345,0.052247902700527926,593,2947,10,9
615,0.3340289306200086,0.12574988990197195,593,2948,10,9
616,0.36446998034212347,0.203915683939824,593,2949,10,9
617,0.1878324962106577,0.15131655493755675,593,2950,10,9
618,0.3539882562232252,0.06745611030463172,593,2951,10,9
619,0.375066340026069,0.04061285183795745,593,2952,10,9
620,0.3332434647113519,0.10878990034089613,593,2953,10,9
621,0.3395516051101987,0.12182768163456155,593,2954,10,9
622,0.3205412072398728,0.14786409825637345,593,2955,10,9
623,0.2727445452576965,0.0986554448232179,593,2956,10,9
624,0.305916681173019,0.12326738325531325,593,2957,10,9
625,0.3094024515027873,0.11782500666025107,593,2958,10,9
626,0.3855332039791278,0.04125549810522653,593,2959,10,9
627,0.31523188227352045,0.10785039716844184,593,2960,10,9
628,0.3127470502570809,0.13885943879908874,593,2961,10,9
629,0.3088674855325671,0.1020209104699147,593,2962,10,9
630,0.33255777420190297,0.16221326939492298,593,2963,10,9
631,0.2980917424181311,0.1356222849282596,593,2964,10,9
632,0.3392862450059229,0.10889102741848668,593,2965,10,9
633,0.3177666019895639,0.12294116687598886,593,2966,10,9
634,0.32035333228604546,0.12346311308290787,593,2967,10,9
635,0.3066798568329165,0.12547369336747732,593,2968,10,9
636,0.3059400328621953,0.10297998662512843,593,2969,10,9
637,0.3612166654637009,0.11325036563419184,593,2970,10,9
638,0.3492754607712851,0.15691986494641896,593,2971,10,9
639,0.3178462100208467,0.11728783702229688,593,2972,10,9
640,0.33164599688361096,0.15556715436015375,593,2973,10,9
641,0.2893136301686841,0.14497055897176594,593,2974,10,9
642,0.3623672668758412,0.18567910094765855,593,2975,10,9
643,0.311785385239185,0.06317723879582661,593,2976,10,9
644,0.30872843683792656,0.11217167680655912,593,2977,10,9
645,0.34459344709144096,0.17911997694737586,593,2978,10,9
646,0.35963405780179936,0.14705508163564893,593,2979,10,9
647,0.1541943879522267,0.5352928063851421,674,3254,11,10
648,0.1274450280007982,0.5884073572667416,674,3255,11,10
649,0.1198047798784863,0.5508196186530526,674,3256,11,10
650,0.1002806448462822,0.5985896578533875,674,3257,11,10
651,0.08770151446318712,0.5240513899536229,674,3258,11,10
652,0.17630525328091232,0.5475063476270476,674,3259,11,10
653,0.1099715958544383,0.5907713386289125,674,3260,11,10
654,0.0821353209158957,0.5578006491705949,674,3261,11,10
655,0.0967110207235627,0.5310933141953057,674,3262,11,10
656,0.08673878800487414,0.5073686843149728,674,3263,11,10
657,0.12014231793112524,0.5691942999124653,674,3264,11,10
658,0.13239877042742082,0.5685027211882975,674,3265,11,10
659,0.12386585091432477,0.5508022204461552,674,3266,11,10
660,0.16318691116592862,0.4960533255041402,674,3267,11,10
661,0.16914477622713125,0.5272820194968656,674,3268,11,10
662,0.12886205095763156,0.5511588836875501,674,3269,11,10
663,0.14498745377426986,0.6132824435781588,674,3270,11,10
664,0.0523651015373903,0.6310862461737538,674,3271,11,10
665,0.01274471508816324,0.5596176744034318,674,3272,11,10
666,0.132451842448276,0.5700620354814682,674,3273,11,10
667,0.14442382891278782,0.5552137532825523,674,3274,11,10
668,0.1248423760980601,0.5482805678339776,674,3275,11,10
669,0.051536116571632366,0.5689855214296976,674,3276,11,10
670,0.1554532562869116,0.5117171486513671,674,3277,11,10
671,0.2023784756866458,0.5168898530395211,674,3278,11,10
672,0.13637811055114232,0.5800344701974153,674,3279,11,10
673,0.12259742961588595,0.5452500176700539,674,3280,11,10
674,0.12394545894560755,0.5558455256705106,674,3281,11,10
675,0.12362171961839095,0.5637269133949883,674,3282,11,10
676,0.10566745496308312,0.6191891348197927,674,3283,11,10
677,0.1267115726725796,0.5508620267823647,674,3284,11,10
678,0.0686391060124231,0.6019235892500829,674,3285,11,10
679,0.1663988298680842,0.5691725521538437,674,3286,11,10
680,0.09140063431679328,0.5194169425913542,674,3287,11,10
681,0.12859775229377274,0.5285085930831254,674,3288,11,10
682,0.12590169363432954,0.5489656222305589,674,3289,11,10
683,0.11552080635505607,0.5692149602831558,674,3290,11,10
684,0.0805781878240047,0.5998619017327527,674,3291,11,10
685,0.1269748098960213,0.5503694400495849,674,3292,11,10
686,0.11740061733374657,0.5562011015239742,674,3293,11,10
687,0.13591744541011935,0.5183491276430323,674,3294,11,10
688,0.04071154719800959,0.6058740696037015,674,3295,11,10
689,0.13996790204178675,0.5687310726538246,674,3296,11,10
690,0.13644816561867115,0.5295883692986891,674,3297,11,10
691,0.13037991075408972,0.5370119667041815,674,3298,11,10
692,0.13312161135146838,0.5462656379976839,674,3299,11,10
693,0.12995215026599696,0.5382722493163048,674,3300,11,10
694,0.19432638868249769,0.516340722134325,674,3301,11,10
695,0.18334154180589227,0.5398196023422336,674,3302,11,10
696,0.16919890968840354,0.5718464390763727,674,3303,11,10
697,0.1730200951899766,0.5797310889646435,674,3304,11,10
698,0.13205061797061085,0.5508196186530526,674,3305,11,10
699,0.1231419485498601,0.5431404850837561,674,3306,11,10
700,0.08660504651231908,0.6141229944488846,674,3307,11,10
701,0.1310135906831006,0.5407210469371,674,3308,11,10
702,0.09822994196043801,0.5399511762818945,674,3309,11,10
703,0.12473198629468135,0.6217097000440392,674,3310,11,10
704,0.12664151760505074,0.5636964665329179,674,3311,11,10
705,0.1124288304200332,0.574671472921322,674,3312,11,10
706,0.06079293844919309,0.5018621518319768,674,3313,11,10
707,0.12550259203749856,0.5492951007736765,674,3314,11,10
708,0.19393790148983775,0.5981927612585428,674,3315,11,10
709,0.0,0.564538104791575,674,3316,11,10
710,0.10434171588212067,0.5741712744730246,674,3317,11,10
711,0.19263975985972004,0.5692116981193626,674,3318,11,10
712,0.0991640095274892,0.5627917597742582,674,3319,11,10
713,0.12654174220584302,0.6080662436727615,674,3320,11,10
714,0.16708239749669893,0.5663322948778592,674,3321,11,10
715,0.0935521740422623,0.5981394792499198,674,3322,11,10
716,0.5195156435088673,0.14073735775606627,778,3601,12,11
717,0.5045344734618666,0.12177874917766288,778,3602,12,11
718,0.48276114618582006,0.15452108717045349,778,3603,12,11
719,0.5179309129661316,0.1614303500845444,778,3604,12,11
720,0.5804285247251931,0.15672957205847973,778,3605,12,11
721,0.5160479176661897,0.13837120161803326,778,3606,12,11
722,0.5536473215612515,0.16910622149004767,778,3607,12,11
723,0.5174267287680073,0.1377437787817993,778,3608,12,11
724,0.469014431343911,0.14931684853229815,778,3609,12,11
725,0.5161084197699647,0.1289663834021106,778,3610,12,11
726,0.4854179315498304,0.11950175884997853,778,3611,12,11
727,0.5150204433424335,0.14084392177331226,778,3612,12,11
728,0.4753788280848642,0.1271819798072061,778,3613,12,11
729,0.5222637127487486,0.13034519129872174,778,3614,12,11
730,0.509905361972411,0.1374871552300641,778,3615,12,11
731,0.4678627684913535,0.13449792580752146,778,3616,12,11
732,0.5879530758420407,0.18151549255954808,778,3617,12,11
733,0.5559623231109545,0.10185236534059708,778,3618,12,11
734,0.5200728997278466,0.13548092449721902,778,3619,12,11
735,0.5545771433666342,0.12044017463450173,778,3620,12,11
736,0.4841325272047179,0.15029441028234028,778,3621,12,11
737,0.5285071052821521,0.1608290245586564,778,3622,12,11
738,0.5319058374977179,0.12838028130725776,778,3623,12,11
739,0.5723721919593765,0.15185263718757985,778,3624,12,11
740,0.4213154218801082,0.04949572384696102,593,3625,12,9
741,0.5620847114368082,0.17107765580909814,778,3626,12,11
742,0.5618331500579546,0.13084865191081246,778,3627,12,11
743,0.5318294137876864,0.16292768326564344,778,3628,12,11
744,0.4930528724700568,0.16494805004159258,778,3629,12,11
745,0.4963688123330885,0.12600433867784502,778,3630,12,11
746,0.5146850281706287,0.1342054184540606,778,3631,12,11
747,0.4732952205460898,0.06847173063226171,778,3632,12,11
748,0.5842497102267661,0.1488753690322791,778,3633,12,11
749,0.5155936211676694,0.13593871481620426,778,3634,12,11
750,0.525311108186253,0.15060649061856066,778,3635,12,11
751,0.5102917262842368,0.14173557987679894,778,3636,12,11
752,0.5140141978270192,0.15372620659283304,778,3637,12,11
753,0.5660481299542731,0.12434389730708377,778,3638,12,11
754,0.5123318147659099,0.16745774138652836,778,3639,12,11
755,0.5646470286036963,0.1851712907838436,778,3640,12,11
756,0.5125717003001754,0.1340923301092281,778,3641,12,11
757,0.5236573840164056,0.13733492091971272,778,3642,12,11
758,0.5234758777050809,0.09779640835766364,778,3643,12,11
759,0.5474156048724361,0.1371489775834978,778,3644,12,11
760,0.5251115573878375,0.13636388349725706,778,3645,12,11
761,0.4566263602358946,0.12876412924692948,778,3646,12,11
762,0.5321181255811386,0.11017197040130053,778,3647,12,11
763,0.5155171974576379,0.16608328304164152,778,3648,12,11
764,0.5202045183395675,0.1454403105579931,778,3649,12,11
765,0.4993397840605616,0.18007579093879636,778,3650,12,11
766,0.5414365110028914,0.14028935392846076,778,3651,12,11
767,0.5184000696304913,0.184107825387246,778,3652,12,11
768,0.5462448360923708,0.13802758703181153,778,3653,12,11
769,0.5187429148852158,0.13394988229025645,778,3654,12,11
770,0.5578187824004688,0.1728609720160716,778,3655,12,11
771,0.5207203783822799,0.09934811093531673,778,3656,12,11
772,0.5180466099715959,0.1373631930059208,778,3657,12,11
773,0.5163408752213103,0.13795581942836016,778,3658,12,11
774,0.5229982295173843,0.1888738466891756,778,3659,12,11
775,0.4610101091585325,0.05594284689034237,778,3660,12,11
776,0.4429189186894183,0.10598770164249947,778,3661,12,11
777,0.529837090124783,0.11919946500513792,778,3662,12,11
778,0.5194031308246543,0.13802215009215613,778,3663,12,11
779,0.5178120316394159,0.1047263316424451,778,3664,12,11
780,0.5240617928153221,0.19353004181006594,778,3665,12,11
781,0.4813908266073392,0.14565017642869182,778,3666,12,11
782,0.5283266604112444,0.12962534048834592,778,3667,12,11
783,0.51952201215137,0.134291322100616,778,3668,12,11
784,0.5208074164964824,0.13395205706611862,778,3669,12,11
785,0.4100864437075689,0.3733927047143704,795,3950,13,12
786,0.42262417791439694,0.3882420743012173,795,3951,13,12
787,0.43395080860530977,0.4350769598808223,795,3952,13,12
788,0.4304682225967928,0.3572210714033285,795,3953,13,12
789,0.3909996221272115,0.3856519162493816,795,3954,13,12
790,0.3726929592534253,0.29788992371973666,795,3955,13,12
791,0.3544298154367403,0.3705546222142481,795,3956,13,12
792,0.402067261356351,0.3811349067836696,795,3957,13,12
793,0.3965191122961504,0.38047377492157214,795,3958,13,12
794,0.4731519260897809,0.36139229150695656,795,3959,13,12
795,0.4037952863553957,0.3847341608355489,795,3960,13,12
796,0.4508733531751928,0.3796353988267085,795,3961,13,12
797,0.39507979909055785,0.36981954797283706,795,3962,13,12
798,0.4146739891902908,0.37456708367993824,795,3963,13,12
799,0.5190125207511601,0.4109804433280595,795,3964,13,12
800,0.42982711258486217,0.43339585813937054,795,3965,13,12
801,0.3870351421693295,0.38736890179255895,795,3966,13,12
802,0.4007616896433136,0.3828312319561565,795,3967,13,12
803,0.4562580404111596,0.3672565746192783,795,3968,13,12
804,0.3905262197011833,0.41806477569905454,795,3969,13,12
805,0.4584552220745641,0.3613596698690241,795,3970,13,12
806,0.4188581873145133,0.4117601004746448,795,3971,13,12
807,0.3977896564754234,0.389227247766777,795,3972,13,12
808,0.3900740460834972,0.3891935387409135,795,3973,13,12
809,0.4057610740078717,0.4121896187074221,795,3974,13,12
810,0.3969681015925852,0.4370712293464255,795,3975,13,12
811,0.4163776010597421,0.3994465195430796,795,3976,13,12
812,0.4005642617257323,0.3552692100670375,795,3977,13,12
813,0.3622950889274781,0.4188683553801236,795,3978,13,12
814,0.3855576171087212,0.43114387773410107,795,3979,13,12
815,0.3863611275044687,0.3146737564359773,795,3980,13,12
816,0.40588632397708985,0.395335105775661,795,3981,13,12
817,0.41621413923550815,0.376970211007628,795,3982,13,12
818,0.37954243426499495,0.3740636230678476,795,3983,13,12
819,0.4218121759953127,0.35903592186030325,795,3984,13,12
820,0.4490742116682022,0.40173764591386796,795,3985,13,12
821,0.4198623099490933,0.3760394069386224,795,3986,13,12
822,0.4255919653206187,0.4129681884660762,795,3987,13,12
823,0.40117777428681817,0.4277849364149907,795,3988,13,12
824,0.38845428800699705,0.3718649246712011,795,3989,13,12
825,0.38714659341312535,0.36688686272271065,795,3990,13,12
826,0.4057186163911875,0.4172818563886759,795,3991,13,12
827,0.4194409181035032,0.4148123983971902,795,3992,13,12
828,0.3960064365746893,0.38491575462003946,795,3993,13,12
829,0.3994359505623512,0.4123462025694977,795,3994,13,12
830,0.4450725812957215,0.3877918956977496,795,3995,13,12
831,0.4048386822854086,0.32943939715213105,795,3996,13,12
832,0.4292390745937867,0.4252632838028131,795,3997,13,12
833,0.3356147226031614,0.3977023493016251,795,3998,13,12
834,0.3518855427569429,0.33903559564392394,795,3999,13,12
835,0.4179039523795372,0.3886280970167512,795,4000,13,12
836,0.34172012788234146,0.4067211448020138,795,4001,13,12
837,0.42985789435695815,0.39382907349111335,795,4002,13,12
838,0.4063639721647865,0.3930842127583226,795,4003,13,12
839,0.4238151140623872,0.402914199655298,795,4004,13,12
840,0.3553341626721125,0.33452293572993635,795,4005,13,12
841,0.41486080270370096,0.32426669276397696,795,4006,13,12
842,0.4024822845594385,0.3837620360251622,795,4007,13,12
843,0.3953048244589838,0.385323525094195,795,4008,13,12
844,0.3546336119968242,0.3793309302060057,795,4009,13,12
845,0.4156982791927958,0.4302826664926846,795,4010,13,12
846,0.4005058825027916,0.3471388105063422,795,4011,13,12
847,0.4365513376272137,0.3736536778178299,795,4012,13,12
848,0.3984764084252895,0.3715191353091172,795,4013,13,12
849,0.4040192502834046,0.3855681873786883,795,4014,13,12
850,0.354796012380641,0.4057142235778325,795,4015,13,12
851,0.3530287140861635,0.3355994497817069,795,4016,13,12
852,0.3598229941960438,0.4137380591212818,795,4017,13,12
853,0.38976516692212,0.34213247647164363,795,4018,13,12
854,0.3982290928081043,0.3654254133433373,795,4019,13,12
855,0.8861106275660322,0.5416290158595529,903,4300,14,13
856,0.9228428346403204,0.5331484773850496,903,4301,14,13
857,0.903276241991432,0.5148825349187449,903,4302,14,13
858,0.9003031473831248,0.5634572411880799,903,4303,14,13
859,0.8932328927647976,0.5948077226290865,903,4304,14,13
860,0.8547843365360529,0.5272483104710021,903,4305,14,13
861,0.9412906690895814,0.5830302239475444,903,4306,14,13
862,0.941031677627808,0.5270373572123723,903,4307,14,13
863,0.921395029911391,0.5517960930151636,903,4308,14,13
864,0.8469668278640847,0.5159427381515492,903,4309,14,13
865,0.8748720964297391,0.5381569861956103,903,4310,14,13
866,0.8800837688777178,0.5519418029979285,903,4311,14,13
867,0.9311974321633428,0.6018268117242167,903,4312,14,13
868,0.8759908546293662,0.5422901477216504,903,4313,14,13
869,0.9047781801816336,0.549796386609905,903,4314,14,13
870,0.8894690250457481,0.5256476754364503,903,4315,14,13
871,0.8220113022175614,0.5909431459220235,903,4316,14,13
872,0.8887345082771124,0.5404644233853648,903,4317,14,13
873,0.8735134526958463,0.6121048024487976,903,4318,14,13
874,0.9236017645385494,0.5852756800252275,903,4319,14,13
875,0.8717557073651228,0.5204499611258815,903,4320,14,13
876,0.8424928565059929,0.5785284379128676,903,4321,14,13
877,0.8871179345218636,0.5342260788247511,903,4322,14,13
878,0.9210341401695756,0.5226812811604604,903,4323,14,13
879,0.8674059245358321,0.4981791689094043,903,4324,14,13
880,0.883332837994472,0.6509136777090911,228,4325,14,3
881,0.8215081794598542,0.5765265567317468,903,4326,14,13
882,0.9389661145761244,0.524453723488123,903,4327,14,13
883,0.912718815941986,0.5427425011009803,903,4328,14,13
884,0.8695882460333971,0.5190526676344419,903,4329,14,13
885,0.901729723303712,0.5281954253589739,903,4330,14,13
886,0.9043875701081396,0.4979943129611205,903,4331,14,13
887,0.935294592173363,0.4850054641243537,903,4332,14,13
888,0.9549874962318864,0.5329657962126279,903,4333,14,13
889,0.8923370370527621,0.535975686005861,903,4334,14,13
890,0.8950139897846974,0.5510544944461662,903,4335,14,13
891,0.9234213196676416,0.5120705497289686,903,4336,14,13
892,0.9119853606137672,0.4771023286412544,903,4337,14,13
893,0.8842679670019403,0.5447715669803781,903,4338,14,13
894,0.9383186359216912,0.5818699810250806,903,4339,14,13
895,0.968911471623452,0.5284139903331213,903,4340,14,13
896,0.9432713169078968,0.5420520097647437,903,4341,14,13
897,0.8997809186979098,0.534091242721297,903,4342,14,13
898,0.8754569500995631,0.4870323552278894,903,4343,14,13
899,0.8939100917509096,0.5250833211002192,903,4344,14,13
900,0.9172394906784302,0.6050878881295296,903,4345,14,13
901,0.8963121314148151,0.541936746644049,903,4346,14,13
902,0.916264026935112,0.5397543590663687,903,4347,14,13
903,0.8927085411987483,0.5386865441180468,903,4348,14,13
904,0.9295352164701588,0.4901401099349199,903,4349,14,13
905,0.8741057364485902,0.6022421939138898,903,4350,14,13
906,0.8960934746888918,0.5380101888249142,903,4351,14,13
907,0.8608844346131475,0.53597459861793,903,4352,14,13
908,0.8905315269032689,0.5369336747731437,903,4353,14,13
909,0.8849515346305551,0.522488813496659,903,4354,14,13
910,0.9064234128281444,0.6040679182501754,903,4355,14,13
911,0.8909497344276076,0.5294698440142013,903,4356,14,13
912,0.8725125143825176,0.4917581431763689,903,4357,14,13
913,0.8734423361879005,0.4948528492282264,903,4358,14,13
914,0.8789459047505828,0.56869627624003,903,4359,14,13
915,0.8958811866054711,0.5391019263077199,903,4360,14,13
916,0.922480883458088,0.5270395319882345,903,4361,14,13
917,0.8865256507691197,0.5399011564370647,903,4362,14,13
918,0.8950776762097237,0.5378894887645642,903,4363,14,13
919,0.8596733310972322,0.5210665100828046,903,4364,14,13
920,0.8818149781980138,0.5591642336361708,903,4365,14,13
921,0.8390070861762245,0.5107635094358087,903,4366,14,13
922,0.912062845764216,0.5918304544737858,903,4367,14,13
923,0.8709872245031397,0.5302658119797529,903,4368,14,13
924,0.8688229474926654,0.5279866468762063,903,4369,14,13
925,0.7547393314623677,0.8425636257863174,990,4650,15,14
926,0.6638227139757736,0.9526388186617516,990,4651,15,14
927,0.6641729893134178,0.8355043033377373,990,4652,15,14
928,0.587495595022269,0.9000103301853453,990,4653,15,14
929,0.7152664852311179,0.8389371870361608,990,4654,15,14
930,0.6682584734788497,0.876295486796392,990,4655,15,14
931,0.7055638583783738,0.8997613183491276,990,4656,15,14
932,0.6759496707411826,0.8737031539686941,990,4657,15,14
933,0.6704811297122647,0.8753211872101432,990,4658,15,14
934,0.6353463904657176,0.8609263457784883,990,4659,15,14
935,0.6872242908516574,0.7769365019817644,990,4660,15,14
936,0.6168677742443606,0.9130372375997,990,4661,15,14
937,0.6948486173677126,0.8822685087018219,990,4662,15,14
938,0.6972166909382709,0.8704279415202769,990,4663,15,14
939,0.6377664746167139,0.90219706731475,990,4664,15,14
940,0.7395639178190372,0.8958488965730971,990,4665,15,14
941,0.7446705076657227,0.9794744654129084,990,4666,15,14
942,0.6764124587630398,0.8769990267878017,990,4667,15,14
943,0.6632495361505377,0.8875803987451544,990,4668,15,14
944,0.6514760390440243,0.8811767712190163,990,4669,15,14
945,0.6939814205469389,0.8766793347360637,990,4670,15,14
946,0.6765079884005791,0.8746818031066673,990,4671,15,14
947,0.7307051360978902,0.8924334110815704,990,4672,15,14
948,0.6785215408718247,0.8801741995465592,990,4673,15,14
949,0.6771735115421031,0.907732959271885,990,4674,15,14
950,0.661285871378896,0.93304843769539,990,4675,15,14
951,0.7318292014996031,0.9203836304620856,990,4676,15,14
952,0.626961011170599,0.8702963675806162,990,4677,15,14
953,0.629235677984452,0.7841795929906974,990,4678,15,14
954,0.6935037723592424,0.8283938736563963,990,4679,15,14
955,0.6935791346288568,0.9053657157459208,990,4680,15,14
956,0.7160646884247801,0.8838941536587885,990,4681,15,14
957,0.6995253238454713,0.9257705502726624,990,4682,15,14
958,0.7113593230557596,0.835286825751521,990,4683,15,14
959,0.6985848876359174,0.9122706291082876,990,4684,15,14
960,0.6582650119518191,0.8860515313140539,990,4685,15,14
961,0.7317771909191649,0.8659120194424962,990,4686,15,14
962,0.7005124634333776,0.8781299102361263,990,4687,15,14
963,0.6841195776316292,0.8485442594072649,990,4688,15,14
964,0.6786117633072785,0.8813757632104041,990,4689,15,14
965,0.7138728139634609,0.8832471578397951,990,4690,15,14
966,0.7092980057657443,0.8511898742435857,990,4691,15,14
967,0.7012629018082699,0.8578751352438739,990,4692,15,14
968,0.660221246640541,0.9086474525219244,990,4693,15,14
969,0.6936056706392844,0.8764172742446732,990,4694,15,14
970,0.6393872941336312,0.8795815731241199,990,4695,15,14
971,0.7607576986273452,0.920843595556933,990,4696,15,14
972,0.6882369050095742,0.9085941705133016,990,4697,15,14
973,0.6954324095971197,0.8973233946076432,990,4698,15,14
974,0.6963760301279248,0.8729985265893534,990,4699,15,14
975,0.7167450717321434,0.836168697363628,990,4700,15,14
976,0.7541024672121055,0.9198747329103394,990,4701,15,14
977,0.7131616488840016,0.8941645326678519,990,4702,15,14
978,0.7457351324040776,0.9798300412663721,990,4703,15,14
979,0.6992461650157729,0.8991425946163424,990,4704,15,14
980,0.6839083509886256,0.8648572531493472,990,4705,15,14
981,0.7093425862632627,0.9356462074627434,990,4706,15,14
982,0.6948793991398087,0.8809027494603837,990,4707,15,14
983,0.6958240811110309,0.8538072169936985,990,4708,15,14
984,0.6844210267100866,0.9511099512306512,990,4709,15,14
985,0.6437625515329323,0.871282628434107,990,4710,15,14
986,0.6897823622568771,0.8601118922181082,990,4711,15,14
987,0.6722547966492449,0.8359990648463793,990,4712,15,14
988,0.6946384521651262,0.8811256639862555,990,4713,15,14
989,0.6979703136344144,0.9055222996079968,990,4714,15,14
990,0.6924593149888124,0.8805373871155404,990,4715,15,14
991,0.7388909645945935,0.9238480484105108,990,4716,15,14
992,0.6946076703930302,0.898216140099061,990,4717,15,14
993,0.7005326308013026,0.8796348551327429,990,4718,15,14
994,0.5929991635849513,0.9490286907305616,990,4719,15,14
